,Coef.,Std.Err.,z,P>|z|,[0.025,0.975],Odds Ratio,OR 95% CI Low,OR 95% CI High
emb_hadamard_0,5.677,0.2194,25.8702,0.0,5.2469,6.1071,292.0721,189.977,449.0338
emb_hadamard_1,11.7117,0.1962,59.7023,0.0,11.3273,12.0962,121996.6013,83055.4559,179195.5816
emb_hadamard_2,13.7429,0.1972,69.704,0.0,13.3565,14.1294,929995.1937,631912.0123,1368689.0635
emb_hadamard_3,3.2959,0.276,11.9417,0.0,2.755,3.8369,27.003,15.7209,46.3816
emb_hadamard_4,10.9172,0.3687,29.6098,0.0,10.1945,11.6398,55113.9248,26756.0598,113527.3556
emb_hadamard_5,17.4461,0.1863,93.6556,0.0,17.081,17.8112,37734931.4887,26192821.6715,54363179.054
emb_hadamard_6,26.5342,0.2735,97.0002,0.0,25.9981,27.0704,333937697587.6751,195353344960.8241,570834279251.8884
emb_hadamard_7,8.9723,0.2135,42.0165,0.0,8.5538,9.3909,7882.021,5186.4375,11978.599
emb_hadamard_8,6.908,0.2856,24.1889,0.0,6.3482,7.4677,1000.2058,571.479,1750.5657
emb_hadamard_9,10.4466,0.2983,35.0262,0.0,9.862,11.0311,34426.0002,19187.3681,61767.1734
emb_hadamard_10,6.6794,0.4896,13.6419,0.0,5.7198,7.6391,795.8608,304.8361,2077.8198
emb_hadamard_11,1.5765,0.3079,5.1193,0.0,0.9729,2.1801,4.8379,2.6457,8.8468
emb_hadamard_12,-1.103,0.2314,-4.7673,0.0,-1.5565,-0.6495,0.3319,0.2109,0.5223
emb_hadamard_13,-17.6771,0.1729,-102.2107,0.0,-18.0161,-17.3381,0.0,0.0,0.0
emb_hadamard_14,15.9527,0.1846,86.4146,0.0,15.5909,16.3145,8475758.6813,5902568.9287,12170715.1736
emb_hadamard_15,26.7601,0.3116,85.8809,0.0,26.1494,27.3709,418581487180.0324,227273671588.2695,770922827027.9366
emb_hadamard_16,15.2415,0.5345,28.5181,0.0,14.194,16.289,4162119.7688,1460123.175,11864232.5984
emb_hadamard_17,-8.6521,0.1322,-65.4305,0.0,-8.9113,-8.393,0.0002,0.0001,0.0002
emb_hadamard_18,-10.7391,0.2176,-49.3553,0.0,-11.1656,-10.3126,0.0,0.0,0.0
emb_hadamard_19,-5.8594,0.2102,-27.8711,0.0,-6.2714,-5.4473,0.0029,0.0019,0.0043
emb_hadamard_20,9.9517,0.317,31.3975,0.0,9.3304,10.5729,20987.1681,11276.0989,39061.4898
emb_hadamard_21,20.2066,0.2589,78.0364,0.0,19.6991,20.7141,596495863.6993,359086446.4145,990868129.2853
emb_hadamard_22,-10.649,0.397,-26.8233,0.0,-11.4271,-9.8709,0.0,0.0,0.0001
emb_hadamard_23,12.1633,0.2807,43.3355,0.0,11.6132,12.7134,191627.1862,110546.2585,332177.4884
emb_hadamard_24,-2.4226,0.2647,-9.1511,0.0,-2.9414,-1.9037,0.0887,0.0528,0.149
emb_hadamard_25,9.0517,0.3373,26.8381,0.0,8.3906,9.7127,8532.6438,4405.5482,16525.9821
emb_hadamard_26,4.8264,0.2922,16.5177,0.0,4.2538,5.3991,124.7671,70.3689,221.2176
emb_hadamard_27,0.1224,0.2852,0.4291,0.6678,-0.4367,0.6815,1.1302,0.6462,1.9768
emb_hadamard_28,10.9484,0.2083,52.5528,0.0,10.5401,11.3568,56865.756,37802.2763,85542.8434
emb_hadamard_29,10.8096,0.3123,34.6132,0.0,10.1975,11.4216,49491.2103,26835.0103,91275.534
emb_hadamard_30,3.6595,0.1256,29.14,0.0,3.4133,3.9056,38.8404,30.3661,49.6798
emb_hadamard_31,-3.701,0.1068,-34.6543,0.0,-3.9103,-3.4917,0.0247,0.02,0.0305
emb_hadamard_32,7.3819,0.6817,10.829,0.0,6.0458,8.7179,1606.5789,422.3351,6111.4885
emb_hadamard_33,4.798,0.2394,20.0423,0.0,4.3288,5.2673,121.2737,75.8564,193.8836
emb_hadamard_34,7.6211,0.2963,25.7195,0.0,7.0403,8.2018,2040.7701,1141.7481,3647.6897
emb_hadamard_35,16.0927,0.3177,50.6462,0.0,15.4699,16.7154,9748850.5595,5229825.9823,18172705.4692
emb_hadamard_36,4.1483,0.2161,19.1997,0.0,3.7249,4.5718,63.3286,41.4655,96.7192
emb_hadamard_37,6.3286,0.1091,58.0315,0.0,6.1149,6.5424,560.3975,452.5516,693.9438
emb_hadamard_38,-3.419,0.1796,-19.0397,0.0,-3.771,-3.0671,0.0327,0.023,0.0466
emb_hadamard_39,-28.1701,0.3816,-73.8275,0.0,-28.918,-27.4223,0.0,0.0,0.0
emb_hadamard_40,-4.3295,0.2898,-14.9385,0.0,-4.8975,-3.7615,0.0132,0.0075,0.0232
emb_hadamard_41,-0.3628,0.3385,-1.0717,0.2838,-1.0262,0.3006,0.6958,0.3584,1.3507
emb_hadamard_42,13.7527,0.2348,58.5715,0.0,13.2925,14.2129,939149.6653,592748.5521,1487986.9225
emb_hadamard_43,-16.2626,0.1653,-98.3762,0.0,-16.5866,-15.9386,0.0,0.0,0.0
emb_hadamard_44,12.7264,0.2843,44.7648,0.0,12.1692,13.2836,336506.0783,192753.1253,587468.2474
emb_hadamard_45,10.0992,0.5222,19.3402,0.0,9.0758,11.1227,24324.6926,8740.9565,67691.7532
emb_hadamard_46,-5.2039,0.368,-14.1401,0.0,-5.9253,-4.4826,0.0055,0.0027,0.0113
emb_hadamard_47,-12.9478,0.3606,-35.9101,0.0,-13.6544,-12.2411,0.0,0.0,0.0
emb_hadamard_48,10.464,0.3054,34.2641,0.0,9.8655,11.0626,35032.3857,19253.8718,63741.3639
emb_hadamard_49,-34.2963,0.2494,-137.5315,0.0,-34.785,-33.8075,0.0,0.0,0.0
emb_hadamard_50,3.8986,0.1759,22.1701,0.0,3.554,4.2433,49.3352,34.952,69.6373
emb_hadamard_51,7.9298,0.2584,30.6926,0.0,7.4234,8.4362,2778.9133,1674.7749,4610.9831
emb_hadamard_52,1.4463,0.2119,6.8246,0.0,1.0309,1.8617,4.2474,2.8037,6.4345
emb_hadamard_53,-5.2627,0.3074,-17.1204,0.0,-5.8652,-4.6602,0.0052,0.0028,0.0095
emb_hadamard_54,-9.0839,0.1281,-70.8998,0.0,-9.335,-8.8327,0.0001,0.0001,0.0001
emb_hadamard_55,9.6627,0.1195,80.8486,0.0,9.4284,9.8969,15719.9822,12437.1261,19869.3684
emb_hadamard_56,-2.4529,0.3622,-6.7717,0.0,-3.1628,-1.7429,0.086,0.0423,0.175
emb_hadamard_57,-3.7954,0.1595,-23.7958,0.0,-4.108,-3.4828,0.0225,0.0164,0.0307
emb_hadamard_58,-20.7132,0.1342,-154.3621,0.0,-20.9762,-20.4502,0.0,0.0,0.0
emb_hadamard_59,-1.8462,0.9041,-2.042,0.0411,-3.6182,-0.0742,0.1578,0.0268,0.9285
emb_hadamard_60,-3.7617,0.3386,-11.11,0.0,-4.4253,-3.0981,0.0232,0.012,0.0451
emb_hadamard_61,-2.5067,0.3158,-7.937,0.0,-3.1257,-1.8877,0.0815,0.0439,0.1514
emb_hadamard_62,-29.194,0.2852,-102.3811,0.0,-29.7529,-28.6352,0.0,0.0,0.0
emb_hadamard_63,-4.7402,0.2703,-17.5362,0.0,-5.27,-4.2104,0.0087,0.0051,0.0148
emb_hadamard_64,3.9926,0.2616,15.2604,0.0,3.4798,4.5053,54.1934,32.4525,90.4994
emb_hadamard_65,15.3558,0.3901,39.3612,0.0,14.5911,16.1204,4665812.5083,2171963.1144,10023101.3219
emb_hadamard_66,11.5455,0.3168,36.4475,0.0,10.9247,12.1664,103313.9709,55529.3278,192218.7249
emb_hadamard_67,-1.7948,0.1824,-9.8422,0.0,-2.1522,-1.4374,0.1662,0.1162,0.2375
emb_hadamard_68,-12.5526,0.3116,-40.2832,0.0,-13.1634,-11.9419,0.0,0.0,0.0
emb_hadamard_69,-3.8108,0.1242,-30.6716,0.0,-4.0543,-3.5673,0.0221,0.0173,0.0282
emb_hadamard_70,4.17,0.4578,9.1082,0.0,3.2727,5.0673,64.7136,26.3812,158.7435
emb_hadamard_71,-4.6123,0.2316,-19.9144,0.0,-5.0663,-4.1584,0.0099,0.0063,0.0156
emb_hadamard_72,-2.9407,0.2658,-11.0633,0.0,-3.4616,-2.4197,0.0528,0.0314,0.0889
emb_hadamard_73,4.6155,0.2172,21.2516,0.0,4.1898,5.0412,101.0401,66.0124,154.6542
emb_hadamard_74,-11.0801,0.2362,-46.9133,0.0,-11.543,-10.6172,0.0,0.0,0.0
emb_hadamard_75,-2.2538,0.3274,-6.884,0.0,-2.8954,-1.6121,0.105,0.0553,0.1995
emb_hadamard_76,-8.8525,0.1202,-73.6757,0.0,-9.088,-8.617,0.0001,0.0001,0.0002
emb_hadamard_77,4.6455,0.2585,17.9698,0.0,4.1388,5.1522,104.119,62.7304,172.8151
emb_hadamard_78,-19.3281,0.2952,-65.481,0.0,-19.9066,-18.7495,0.0,0.0,0.0
emb_hadamard_79,15.0976,0.5532,27.2914,0.0,14.0133,16.1818,3604158.8982,1218765.3017,10658296.0194
emb_hadamard_80,-9.2395,0.2768,-33.3791,0.0,-9.7821,-8.697,0.0001,0.0001,0.0002
emb_hadamard_81,-10.4972,0.2784,-37.7055,0.0,-11.0429,-9.9516,0.0,0.0,0.0
emb_hadamard_82,-5.3708,0.1984,-27.064,0.0,-5.7598,-4.9819,0.0047,0.0032,0.0069
emb_hadamard_83,0.8137,0.3835,2.1216,0.0339,0.062,1.5654,2.2562,1.0639,4.7847
emb_hadamard_84,-17.2844,0.2171,-79.6187,0.0,-17.7099,-16.8589,0.0,0.0,0.0
emb_hadamard_85,-6.0573,0.1408,-43.0162,0.0,-6.3333,-5.7813,0.0023,0.0018,0.0031
emb_hadamard_86,-12.1732,0.2185,-55.7181,0.0,-12.6015,-11.745,0.0,0.0,0.0
emb_hadamard_87,-6.0416,0.2075,-29.1124,0.0,-6.4484,-5.6349,0.0024,0.0016,0.0036
emb_hadamard_88,-9.9598,0.1489,-66.8899,0.0,-10.2517,-9.668,0.0,0.0,0.0001
emb_hadamard_89,1.3417,0.4429,3.0295,0.0024,0.4737,2.2097,3.8256,1.6059,9.1133
emb_hadamard_90,3.5294,0.2653,13.3019,0.0,3.0093,4.0494,34.1028,20.2741,57.364
emb_hadamard_91,-23.6334,0.1786,-132.3041,0.0,-23.9835,-23.2833,0.0,0.0,0.0
emb_hadamard_92,-2.0098,0.3142,-6.3968,0.0,-2.6256,-1.394,0.134,0.0724,0.2481
emb_hadamard_93,-4.2147,0.1707,-24.6871,0.0,-4.5493,-3.88,0.0148,0.0106,0.0206
emb_hadamard_94,-5.0138,0.2961,-16.9309,0.0,-5.5942,-4.4334,0.0066,0.0037,0.0119
emb_hadamard_95,12.5097,0.3599,34.7592,0.0,11.8043,13.2151,270956.6464,133830.5032,548585.7293
emb_hadamard_96,-6.0304,0.2957,-20.3944,0.0,-6.6099,-5.4509,0.0024,0.0013,0.0043
emb_hadamard_97,9.8451,0.4071,24.1844,0.0,9.0472,10.6429,18864.887,8494.6307,41895.1662
emb_hadamard_98,11.2162,0.3264,34.3612,0.0,10.5764,11.856,74324.8012,39199.8334,140923.4578
emb_hadamard_99,1.1144,0.1398,7.9718,0.0,0.8404,1.3884,3.0477,2.3173,4.0083
emb_hadamard_100,-10.0151,0.1842,-54.379,0.0,-10.3761,-9.6542,0.0,0.0,0.0001
emb_hadamard_101,23.4188,0.3341,70.0934,0.0,22.764,24.0737,14814098638.4141,7696279518.65,28514754166.1995
emb_hadamard_102,11.6943,0.1688,69.2761,0.0,11.3635,12.0252,119888.5,86116.9205,166903.9294
emb_hadamard_103,-19.8851,0.3091,-64.3226,0.0,-20.491,-19.2792,0.0,0.0,0.0
emb_hadamard_104,25.8481,0.1836,140.7762,0.0,25.4882,26.2079,168139646027.6749,117322175938.6707,240968430223.2022
emb_hadamard_105,18.0137,0.3995,45.093,0.0,17.2308,18.7967,66566763.5993,30424282.1232,145644653.1141
emb_hadamard_106,10.3335,0.4404,23.4657,0.0,9.4704,11.1966,30745.9043,12970.1854,72883.3554
emb_hadamard_107,-6.6415,0.2071,-32.0715,0.0,-7.0473,-6.2356,0.0013,0.0009,0.002
emb_hadamard_108,5.6591,0.4762,11.8838,0.0,4.7257,6.5924,286.8793,112.8125,729.5267
emb_hadamard_109,10.2085,0.327,31.2189,0.0,9.5676,10.8494,27133.5636,14294.3828,51504.866
emb_hadamard_110,0.6248,0.172,3.6321,0.0003,0.2876,0.962,1.8679,1.3333,2.6169
emb_hadamard_111,1.841,0.2303,7.9944,0.0,1.3896,2.2923,6.3027,4.0134,9.8979
emb_hadamard_112,9.7264,0.2404,40.4508,0.0,9.2551,10.1976,16753.3385,10457.5758,26839.3321
emb_hadamard_113,4.9891,0.2814,17.7289,0.0,4.4375,5.5406,146.8003,84.5651,254.8374
emb_hadamard_114,-2.0895,0.3777,-5.5325,0.0,-2.8297,-1.3492,0.1238,0.059,0.2594
emb_hadamard_115,16.0355,0.2853,56.2039,0.0,15.4763,16.5947,9206830.2193,5263264.2527,16105161.8572
emb_hadamard_116,-3.788,0.3477,-10.895,0.0,-4.4694,-3.1066,0.0226,0.0115,0.0448
emb_hadamard_117,4.2621,0.2172,19.6196,0.0,3.8363,4.6879,70.9595,46.3551,108.6235
emb_hadamard_118,12.6943,0.356,35.6531,0.0,11.9964,13.3921,325876.9433,162175.0013,654822.1446
emb_hadamard_119,14.2977,0.3269,43.7371,0.0,13.657,14.9384,1619576.7459,853381.5448,3073688.2603
emb_hadamard_120,-0.929,0.1982,-4.6867,0.0,-1.3175,-0.5405,0.395,0.2678,0.5825
emb_hadamard_121,-42.0639,0.1686,-249.4655,0.0,-42.3944,-41.7334,0.0,0.0,0.0
emb_hadamard_122,10.5843,0.3266,32.4073,0.0,9.9442,11.2245,39510.9915,20831.1259,74941.6262
emb_hadamard_123,13.876,0.3315,41.859,0.0,13.2262,14.5257,1062311.7909,554733.7641,2034320.631
emb_hadamard_124,0.1869,0.397,0.4708,0.6378,-0.5912,0.965,1.2055,0.5537,2.6247
emb_hadamard_125,-9.2361,0.189,-48.8632,0.0,-9.6066,-8.8656,0.0001,0.0001,0.0001
emb_hadamard_126,14.3711,0.2025,70.9738,0.0,13.9742,14.768,1742984.6307,1172028.4866,2592083.2621
emb_hadamard_127,13.2092,0.1742,75.8336,0.0,12.8678,13.5506,545367.2617,387633.1652,767285.8695
