,,N,F (robust),F p-value,AIC,BIC,R²,test R²,adj. R²,RSE,test RMSE,test MAE
emb,avg,3465104,38.64397901862086,0.0,7370731.875841245,7372416.390504637,0.06422177454354205,0.06817330950596334,0.06418720586328952,0.7008990603877785,0.6677628696585071,0.47942632719775125
emb,hadamard,3465104,54.073854619492224,0.0,7201347.758990109,7203032.273653501,0.10886523095880551,0.10321919877511632,0.10883231145709571,0.6839757501638775,0.6550852862658636,0.4559921652599204
emb,w-l1,3465104,70.09511577719206,0.0,6188847.237650472,6190531.7523138635,0.3346611235566147,0.30048676153808707,0.3346365452043367,0.5910040544947766,0.5785656730873923,0.41989188317483483
emb,w-l2,3465104,57.00790144796321,0.0,6412484.12655429,6414168.641217682,0.2903043380128165,0.25513169930291524,0.29027812107193407,0.6103867328484354,0.5970276433332414,0.4331019315423533
emb,cosine,3465104,7157.8529135579665,0.0,6758793.470768053,6758819.587274462,0.2156530095398077,0.19802577196457027,0.21565278318370307,0.641675072694764,0.619490855488807,0.43088270772708526
emb+dist_median,avg,3465104,79.96133766872484,0.0,6139737.466393656,6141435.039310252,0.3440246227630738,0.3349939519515045,0.3440002009856914,0.586830721447134,0.5641147967882079,0.41361706592300945
emb+dist_median,hadamard,3465104,104.10930001619023,0.0,6860216.96140348,6861914.534320076,0.1924155731553897,0.18002927549328118,0.1923855070160585,0.6511230061067337,0.6264030554002156,0.4435201664815367
emb+dist_median,w-l1,3465104,76.43570905173897,0.0,6168613.955267971,6170311.528184568,0.33853520218682,0.3061907953624544,0.33851057603986534,0.5892810034590417,0.5762019484508617,0.41823841645772863
emb+dist_median,w-l2,3465104,63.18150476629502,0.0,6368460.134675853,6370157.707592449,0.29926435794381245,0.2670941675734214,0.29923826975445644,0.6065214669431318,0.5922141539074401,0.42948668270935286
emb+dist_median,cosine,3465104,5383.986211338316,0.0,6704866.11206975,6704905.286829364,0.22776573894526353,0.21028583246998878,0.22776529322419448,0.6367011682615032,0.6147374320267467,0.4323298841588128
