,n,err,FP rate,negatives,FN rate,positives,se
Coffee / Tea,232385,0.2603309163672354,0.2707686335403726,113344,0.250392721835334,119041,0.000910285366072923
Industry,175546,0.2733414603579688,0.3056291422860081,103053,0.22744264963513716,72493,0.0010637081261044299
Personal Care Service,301752,0.2719153477027493,0.24491806868362465,137005,0.2943665135025221,164747,0.0008099957126531174
Neighborhood Service,167008,0.26792129718336843,0.2205417724141503,115842,0.37519055622874564,51166,0.0010837119627648037
Transportation,344585,0.2809698622981267,0.32084935499875966,128992,0.2571094608823107,215593,0.0007656939790485457
Entertainment,224968,0.26044148501120157,0.23751853118941724,131535,0.2927124249462182,93433,0.0009252966262158535
Shopping,373166,0.2307257359995284,0.2992217543966317,131578,0.19342020299021478,241588,0.0006896640497921563
Food,424918,0.2303997477160299,0.3496368686511028,127089,0.17951912003196469,297829,0.0006459829210472819
Financial Service,236913,0.2625689599135548,0.23642591408951608,122034,0.29034027106781923,114879,0.0009040406374769944
Sports,254325,0.26631278875454634,0.2559309087884082,132231,0.2775566366897636,122094,0.0008765101692915008
City / Outdoors,217049,0.27366631497956684,0.21054904904196114,141226,0.39122693641770967,75823,0.0009569734090414558
Office,259854,0.2729571220762428,0.2611750927191099,138321,0.28636666584384485,121533,0.0008739015794870941
Automotive Service,296317,0.25456521225579365,0.3068329355423045,128627,0.21447313495139841,167690,0.0008002507161647956
Public Administration,154463,0.2695726484659756,0.2067977650663555,105417,0.4044978183745871,49046,0.0011290526480529672
Grocery,253114,0.2654298063323246,0.22579887396091447,131967,0.3086002955087621,121147,0.0008776743628034488
Service,226261,0.26467663450616763,0.24392249769877317,132538,0.29402601282502694,93723,0.0009274534773414931
School,67452,0.25481824111961093,0.21971886969718868,55348,0.4153172504957039,12104,0.0016778338379696818
College,153236,0.2583988096791877,0.2617527053397197,90192,0.25360065985660807,63044,0.0011182787183842944
Arts / Museum,100598,0.26049225630728245,0.21187912016186938,76605,0.4157045805026466,23993,0.00138380246054068
Agriculture,7611,0.30521613454211005,0.2961353406798075,6443,0.3553082191780822,1168,0.005278466203373916
