,n,err,FP rate,negatives,FN rate,positives,se,min,median,max
1,16312,0.34477685139774394,0.41135360470819027,8156,0.27820009808729773,8156,0.0037214317573080993,0.0016546372,0.411245,0.6162012
2,35226,0.334582410719355,0.38301254755010505,17613,0.286152273888605,17613,0.002514010145066661,0.6162406,0.85164344,1.0443035
3,47052,0.31949757714868654,0.3531837116381875,23526,0.28581144265918557,23526,0.00214960952736527,1.0443211,1.2450129,1.4261433
4,47052,0.3142905721329593,0.3363512709342855,23526,0.2922298733316331,23526,0.0021401622184320803,1.4261676,1.6174264,1.7940737
5,47052,0.3105075235909207,0.3255547054322877,23526,0.2954603417495537,23526,0.002133102798252344,1.7940788,1.9751017,2.147477
6,47052,0.29988098274249764,0.3157357816883448,23526,0.28402618379665057,23526,0.0021123766382647453,2.1474829,2.3243542,2.4929519
7,47052,0.2963954773442149,0.30094363682733993,23526,0.29184731786108986,23526,0.0021052857616259274,2.4929523,2.66685,2.8376596
8,47052,0.29078466377624757,0.28623650429312253,23526,0.2953328232593726,23526,0.0020935616961819162,2.8376627,3.0113301,3.1819897
9,47052,0.2859814673127603,0.28151832015642264,23526,0.290444614469098,23526,0.002083217633443208,3.1819937,3.3557284,3.5266423
10,47052,0.27799030859474627,0.2613278925444189,23526,0.2946527246450735,23526,0.0020653673020068195,3.5266454,3.7015257,3.8733613
11,47052,0.2806256907251552,0.2610728555640568,23526,0.3001785258862535,23526,0.0020713435268980267,3.873402,4.0493536,4.2218957
12,47052,0.27939301198673805,0.25626965910056954,23526,0.30251636487290656,23526,0.0020685592277596004,4.221904,4.402692,4.5810375
13,47052,0.2759287596701522,0.25176400578083824,23526,0.3000935135594661,23526,0.002060630336288556,4.5810447,4.7685566,4.9532924
14,47052,0.275397432627731,0.25129643798350765,23526,0.2994984272719544,23526,0.002059400594098912,4.9533334,5.1462493,5.3398504
15,47052,0.27450480319646353,0.24806596956558702,23526,0.30094363682733993,23526,0.002057326407130368,5.3398633,5.5385885,5.732931
16,47052,0.2627731020998044,0.23752444104395132,23526,0.28802176315565753,23526,0.002029093202315076,5.732937,5.937767,6.141002
17,47052,0.2614129048712063,0.23684434242965235,23526,0.2859814673127603,23526,0.002025700918353478,6.141035,6.353747,6.568467
18,47052,0.2620504973221117,0.2416475388931395,23526,0.28245345575108394,23526,0.002027294173243612,6.5684996,6.7909603,7.011866
19,47052,0.2633256822239225,0.24083992178865932,23526,0.28581144265918557,23526,0.002030464167135814,7.0118804,7.2441273,7.4754233
20,47052,0.2584799795970416,0.2356116636912352,23526,0.2813482955028479,23526,0.00201830061127886,7.475447,7.721031,7.9680114
21,47052,0.2539105670322197,0.23331633086797587,23526,0.27450480319646353,23526,0.002006535223957368,7.9680185,8.2216015,8.475274
22,47052,0.2570347700416561,0.23459151576978665,23526,0.2794780243135254,23526,0.0020146107110508645,8.475289,8.7392,9.00418
23,47052,0.25448440023803454,0.23688684859304598,23526,0.2720819518830231,23526,0.0020080286562396393,9.004186,9.275309,9.549794
24,47052,0.2503187962254527,0.23306129388761365,23526,0.2675762985632917,23526,0.0019970824618172566,9.54981,9.833986,10.116893
25,47052,0.24870356201649235,0.23327382470458213,23526,0.26413329932840257,23526,0.001992772050642438,10.116906,10.414794,10.715067
26,47052,0.24598316755929606,0.2386721074555811,23526,0.25329422766301113,23526,0.0019854281318868014,10.715081,11.030024,11.34636
27,47052,0.24506928504633174,0.2404573663181161,23526,0.24968120377454728,23526,0.001982937132244227,11.346445,11.672893,12.004355
28,47052,0.24487800731106013,0.24492051347445376,23526,0.2448355011476664,23526,0.0019824142309525193,12.004365,12.346607,12.688678
29,47052,0.24770466717674067,0.2565672022443254,23526,0.23884213210915584,23526,0.001990087786297154,12.688704,13.040237,13.396463
30,47052,0.24003230468417924,0.254824449545184,23526,0.22524015982317436,23526,0.001968989359507315,13.396475,13.762476,14.137774
31,47052,0.24209385360877322,0.2560146221202074,23526,0.22817308509733913,23526,0.0019747428594621935,14.137802,14.521223,14.911556
32,47052,0.24154127348465526,0.2586074980872226,23526,0.2244750488820879,23526,0.001973206820424319,14.911559,15.311079,15.717496
33,47052,0.2419875882002891,0.2573748193488056,23526,0.2266003570517725,23526,0.0019744478154025825,15.717502,16.144007,16.5816
34,47052,0.24241264983422595,0.2609878432372694,23526,0.22383745643118247,23526,0.001975626998393181,16.581614,17.045094,17.51241
35,47052,0.24339029159228087,0.26698121227578,23526,0.21979937090878177,23526,0.00197832908585065,17.512426,18.001165,18.495691
36,47052,0.2421788659355607,0.26685369378559887,23526,0.21750403808552243,23526,0.0019749787754809946,18.495703,19.011566,19.54328
37,47052,0.23922468757969906,0.26103034940066305,23526,0.21741902575873506,23526,0.0019667183025054227,19.543358,20.107216,20.683592
38,47052,0.24149876732126163,0.26209300348550535,23526,0.2209045311570178,23526,0.0019730884778137565,20.68364,21.29943,21.9184
39,47052,0.2468120377454731,0.258564991923829,23526,0.23505908356711724,23526,0.0019876769882886335,21.918465,22.569796,23.242603
40,47052,0.24366658165433985,0.2586074980872226,23526,0.2287256652214571,23526,0.0019790901904135068,23.242659,23.958889,24.6845
41,47052,0.24073365638017508,0.25155147496386976,23526,0.2299158377964805,23526,0.0019709537642141795,24.68453,25.474834,26.266497
42,47052,0.24398537787979258,0.25320921533622376,23526,0.2347615404233614,23526,0.0019799670062513428,26.266596,27.146563,28.048597
43,47052,0.2417750573833206,0.24292272379495028,23526,0.24062739097169095,23526,0.001973857230214101,28.048628,29.024548,30.046503
44,47052,0.2425189152427102,0.24751338944146906,23526,0.23752444104395132,23526,0.00197592138053447,30.046652,31.17583,32.331696
45,47052,0.24196633511859222,0.2311060103715039,23526,0.25282665986568054,23526,0.001974388786713241,32.33197,33.650307,35.02729
46,47052,0.23960724305024228,0.22417750573833206,23526,0.2550369803621525,23526,0.001967795271202133,35.027313,36.527466,38.08931
47,47052,0.2347615404233614,0.221839666751679,23526,0.2476834140950438,23526,0.0019539921988276717,38.08942,39.931126,42.01588
48,47052,0.23516534897560148,0.2297883193062994,23526,0.24054237864490347,23526,0.0019551559257223695,42.01602,44.72634,47.985573
49,47052,0.2286619059763666,0.23590920683499106,23526,0.22141460511774202,23526,0.00193611101419742,47.98579,52.55497,58.35185
50,47052,0.2268766471138315,0.22808807277055176,23526,0.22566522145711132,23526,0.0019307686981162805,58.351925,72.56474,194.10854
