,n,err,over rate,under rate,se
25009210300,8561,0.210255811237005,0.03772923723864034,0.17252657399836469,0.004404077724659786
25017339500,3564,0.13524130190796857,0.04377104377104377,0.0914702581369248,0.005728399435403237
33015100400,6013,0.20106436055213703,0.03409279893563945,0.1669715616164976,0.005168658563244964
33017085000,1139,0.29499561018437226,0.1527655838454785,0.14223002633889376,0.013512690362752178
25017373300,2791,0.11537083482622716,0.042278753135077035,0.07309208169115013,0.006047121937964731
25017373800,3292,0.12575941676792224,0.06773997569866343,0.05801944106925881,0.005779041664355598
25009217201,939,0.20766773162939298,0.11714589989350373,0.09052183173588925,0.013237482075651319
25009221300,2352,0.1913265306122449,0.039540816326530615,0.15178571428571427,0.00811064769258603
25025170701,1706,0.1559202813599062,0.0697538100820633,0.08616647127784291,0.00878321520937283
33015003602,795,0.18364779874213835,0.0880503144654088,0.09559748427672957,0.013732451798628023
25017352102,5480,0.13594890510948904,0.06824817518248175,0.0677007299270073,0.0046298539395585704
25017374200,2325,0.12,0.053763440860215055,0.06623655913978495,0.006739388313393856
25017333100,2883,0.12521678806798472,0.03503295178633368,0.09018383628165105,0.006163951011777159
25017333501,6352,0.1248425692695214,0.0401448362720403,0.08469773299748111,0.004147335761436463
25009217400,3514,0.1943653955606147,0.07484348321001708,0.11952191235059761,0.006675405477958373
25017333600,10338,0.1698587734571484,0.029212613658347843,0.14064615979880055,0.003693190579785574
25025061200,7490,0.14699599465954605,0.05246995994659546,0.0945260347129506,0.004091545423645109
25017373200,3692,0.116738894907909,0.04739978331527627,0.06933911159263272,0.005284714084860091
25021402101,3845,0.13263979193758127,0.04993498049414825,0.08270481144343303,0.005470014668769219
33015051000,417,0.2302158273381295,0.15347721822541965,0.07673860911270983,0.020615033755523347
33015100200,3142,0.16581795035009547,0.047740292807129214,0.11807765754296626,0.006635033211661897
25021456102,2429,0.1399752984767394,0.04405104981473858,0.09592424866200082,0.007039914850956832
25021456200,5281,0.16303730354099602,0.04128006059458436,0.12175724294641166,0.005083214767420762
25021418200,4214,0.136687233032748,0.05434266729947793,0.08234456573327005,0.005291767956550994
25023502200,3256,0.1636977886977887,0.05128992628992629,0.11240786240786241,0.006484266127267365
25023509101,2324,0.2267641996557659,0.07401032702237521,0.1527538726333907,0.008686106713153579
25023526100,1964,0.18024439918533605,0.06466395112016293,0.11558044806517312,0.008673658994928972
25017331101,3610,0.17423822714681442,0.005817174515235457,0.16842105263157894,0.006313141272603763
25017332400,12464,0.1984114249037227,0.029765725288831837,0.1686456996148909,0.003572155674471681
25017312300,2324,0.16781411359724613,0.07444061962134252,0.09337349397590361,0.007751867713283119
25025090700,6954,0.18579234972677597,0.05651423641069888,0.12927811331607708,0.004664060334311354
25009208400,8302,0.2015177065767285,0.05167429535051795,0.14984341122621056,0.004402485015185819
25017350200,2451,0.13382292941656468,0.07139942880456956,0.06242350061199511,0.006876967185757367
25021413200,2757,0.13347841857091042,0.03808487486398259,0.09539354370692782,0.006477043817008081
25017353102,3616,0.1534845132743363,0.024889380530973452,0.12859513274336284,0.0059942592710751745
25025020303,8418,0.1358992634830126,0.04038964124495129,0.0955096222380613,0.00373496278145172
25021403400,1323,0.15873015873015872,0.016628873771730914,0.1421012849584278,0.010046561873205786
25025110607,2248,0.12944839857651247,0.07562277580071175,0.05382562277580071,0.007080231321821495
25017335302,3281,0.13380067052727826,0.028649801889667783,0.10515086863761049,0.005943399882395857
33015065008,2267,0.11689457432730481,0.017203352448169385,0.09969122187913543,0.006748040700467563
25017356500,2032,0.11811023622047244,0.031003937007874016,0.08710629921259842,0.007159605089638333
25025100700,3999,0.13403350837709427,0.08277069267316829,0.05126281570392598,0.0053874286862349964
25017339802,6904,0.1612108922363847,0.07415990730011587,0.08705098493626882,0.004425610517891717
25025981300,10006,0.159004597241655,0.013491904857085749,0.14551269238456926,0.0036557071836731884
25009204702,2468,0.19692058346839547,0.11142625607779579,0.08549432739059967,0.008004832092008985
25009211402,6639,0.18481699051061906,0.041120650700406686,0.14369633981021238,0.004763730371953024
25017383902,733,0.21282401091405184,0.1446111869031378,0.06821282401091405,0.015117996616002273
25021400200,3159,0.13453624564735675,0.07375751820196265,0.060778727445394115,0.006071126488993062
25017373600,5582,0.15782873522035112,0.060014331780723754,0.09781440343962737,0.004879758526264373
25017374300,2745,0.11402550091074681,0.052823315118397086,0.06120218579234973,0.006066531135602537
25017350300,2094,0.1346704871060172,0.06494746895893028,0.06972301814708691,0.0074599966906795595
25017350500,1769,0.14301865460712268,0.09553420011305823,0.047484454494064444,0.008323732443271043
25017370102,6072,0.1297760210803689,0.043478260869565216,0.0862977602108037,0.0043126763665778
25021410100,5124,0.14324746291959406,0.0273224043715847,0.11592505854800937,0.004894029788785059
25021413500,4972,0.13978278358809332,0.027956556717618663,0.11182622687047465,0.004917737548776258
25017341700,1441,0.14018043025676613,0.08258154059680778,0.05759888965995836,0.009145666627627624
25017369000,1370,0.11313868613138686,0.04452554744525548,0.06861313868613139,0.008558016851584693
25017359100,5589,0.14117015566290927,0.022186437645374844,0.11898371801753445,0.0046575546116264235
25021404202,3370,0.13916913946587536,0.032047477744807124,0.10712166172106825,0.005962322105694089
25017336100,3260,0.15061349693251533,0.0638036809815951,0.08680981595092024,0.0062643472496742535
25025080801,2392,0.1484113712374582,0.07107023411371237,0.07734113712374582,0.007268887176727361
25017342201,1741,0.167145318782309,0.10626076967260195,0.060884549109707066,0.008941952096145359
25025010203,6842,0.1544869921075709,0.07351651563870214,0.08097047646886875,0.004369327221760401
25009265101,2410,0.14896265560165975,0.017427385892116183,0.13153526970954357,0.007252779774369446
25009268200,3827,0.16279069767441862,0.021949307551607004,0.1408413901228116,0.005967639552219468
25017368200,7819,0.14311293004220488,0.02800869676429211,0.11510423327791278,0.003960277559689634
25025081700,2775,0.19099099099099098,0.1409009009009009,0.05009009009009009,0.0074619378289168216
25009209100,5562,0.16882416396979505,0.04422869471413161,0.12459546925566344,0.00502282753133233
33015065001,2747,0.1965780851838369,0.052420822715689847,0.14415726246814706,0.00758245876773698
25009217100,4800,0.191875,0.043333333333333335,0.14854166666666666,0.005683656840285574
25017334200,2216,0.12319494584837545,0.04287003610108303,0.08032490974729242,0.006981730645079867
25017315100,5497,0.1848280880480262,0.04620702201200655,0.13862106603601965,0.005235349994121607
25017368700,1466,0.12278308321964529,0.034106412005457026,0.08867667121418826,0.008571479314344559
25009266300,3095,0.14894991922455572,0.03360258481421648,0.11534733441033926,0.006399814233661861
25025070101,17505,0.18383319051699515,0.039303056269637246,0.1445301342473579,0.002927658183298884
25021420302,3511,0.14098547422386784,0.06778695528339504,0.0731985189404728,0.005873162590602074
25025170702,2856,0.17647058823529413,0.09803921568627451,0.0784313725490196,0.0071334007363627345
25017353300,2526,0.1369754552652415,0.08511480601741885,0.051860649247822646,0.0068409478051344435
33015067502,871,0.24913892078071181,0.13318025258323765,0.11595866819747416,0.014655191865092716
33015071000,1247,0.22774659182036888,0.10585404971932638,0.1218925421010425,0.011876066844731947
25009207200,4650,0.17440860215053763,0.04688172043010753,0.1275268817204301,0.00556467819058967
25017342202,1745,0.17478510028653296,0.09799426934097422,0.07679083094555873,0.009091551826595878
25023510900,2322,0.181739879414298,0.09517657192075797,0.08656330749354005,0.008002758343505945
33015065006,302,0.2052980132450331,0.08940397350993377,0.11589403973509933,0.023242939467894255
33015106200,1801,0.2076624097723487,0.07940033314825097,0.12826207662409772,0.00955822431463086
25021416400,3388,0.11953955135773317,0.030991735537190084,0.0885478158205431,0.005573641559152063
25021419800,6581,0.1738337638656739,0.04041938915058502,0.13341437471508888,0.004671483750635559
25017350104,3855,0.1437094682230869,0.08560311284046693,0.058106355382619976,0.005649904030637592
25017354600,5960,0.12332214765100671,0.04714765100671141,0.0761744966442953,0.004259095981798582
25025081001,6776,0.13444510035419127,0.0525383707201889,0.08190672963400236,0.0041441274245755345
33015101100,5038,0.1963080587534736,0.023818975784041286,0.17248908296943233,0.005596091275071857
33017083002,1771,0.35968379446640314,0.10559006211180125,0.2540937323546019,0.011403768742765833
25009202102,2732,0.20973645680819913,0.08601756954612005,0.12371888726207907,0.007789015886640356
25009203302,1599,0.17010631644777988,0.06191369606003752,0.10819262038774234,0.00939609107820566
33015107200,2697,0.2343344456803856,0.05932517612161661,0.175009269558769,0.008156374298286773
25009203100,1199,0.20517097581317764,0.06839032527105922,0.13678065054211844,0.01166232739698501
25025160602,1858,0.18245425188374598,0.11356297093649086,0.0688912809472551,0.008960044602298708
33015003500,1279,0.20875684128225175,0.06489444878811572,0.14386239249413604,0.01136423145005577
33015104101,1899,0.17640863612427593,0.031068983675618746,0.14533965244865718,0.008746883270237099
25023530100,3950,0.22329113924050634,0.04531645569620253,0.1779746835443038,0.006626227259189509
25025010405,3470,0.17319884726224785,0.0484149855907781,0.12478386167146974,0.006424040909348164
25017315500,2491,0.15415495784825373,0.04134885588117222,0.11280610196708149,0.007234979229801777
25017331102,5871,0.13336739908022482,0.0228240504173054,0.11054334866291944,0.00443696815574072
25025090200,2899,0.20006898930665748,0.14832700931355638,0.05174197999310107,0.007430055333407165
25025090400,1520,0.20065789473684212,0.15789473684210525,0.04276315789473684,0.010272417847419718
25021417502,3534,0.13044708545557443,0.05715902659875495,0.07328805885681947,0.005665417569771502
25021417802,594,0.15824915824915825,0.058922558922558925,0.09932659932659933,0.014975083804568743
25017374600,1804,0.12583148558758314,0.04212860310421286,0.0837028824833703,0.007808614366664261
25017383600,6529,0.19130035227446776,0.032470516158676674,0.15882983611579107,0.004867749014774976
25025050901,3226,0.13391196528208307,0.05176689398636082,0.08214507129572225,0.0059959572771206065
25017351100,2241,0.1213743864346274,0.07273538598839803,0.04863900044622936,0.006898338881083686
25023509102,2946,0.20196877121520707,0.05736591989137814,0.1446028513238289,0.007396660469850886
25025070200,7944,0.1423716012084592,0.07527693856998993,0.06709466263846929,0.003920501674644594
25025070700,3697,0.12280227211252366,0.050581552610224505,0.07222071950229916,0.005397929708542182
25021415101,2147,0.1537028411737308,0.011644154634373545,0.14205868653935724,0.00778370498193864
25023510400,1134,0.20105820105820105,0.09259259259259259,0.10846560846560846,0.011901780610392708
25025091700,1237,0.17057396928051738,0.13823767178658045,0.03233629749393695,0.01069449689189449
25025091800,1807,0.1831765356945213,0.1283895960154953,0.05478693967902601,0.009099550651636083
25023544100,1760,0.19715909090909092,0.0659090909090909,0.13125,0.009483459996853846
25023561100,764,0.3089005235602094,0.06413612565445026,0.24476439790575916,0.016716021647445026
25021400300,2756,0.10341074020319303,0.04462989840348331,0.05878084179970972,0.005800160119086947
25017318400,5289,0.14936660994516923,0.032898468519568916,0.1164681414256003,0.004901298938783887
25021412300,5877,0.1662412795644036,0.02535307129487834,0.14088820826952528,0.004856370203388074
25017383102,1611,0.16573556797020483,0.05276225946617008,0.11297330850403477,0.009264286013070125
33015003703,1644,0.19160583941605838,0.023722627737226276,0.1678832116788321,0.009706553387295477
25017368300,4765,0.12843651626442812,0.03924449108079748,0.08919202518363065,0.004846880576519289
25021413100,4146,0.14712976362759286,0.025566811384466957,0.12156295224312591,0.005501449098284323
25017358300,2554,0.1158966327329679,0.012137823022709476,0.10375880971025842,0.006333977042419308
25025030300,13080,0.13738532110091742,0.045336391437308866,0.09204892966360856,0.0030100569788326613
25025000201,1530,0.10522875816993464,0.03398692810457516,0.07124183006535947,0.0078447212434988
25025060600,10757,0.14557962257134888,0.05717207399832667,0.08840754857302222,0.003400482224459792
25025120201,2645,0.14177693761814744,0.07523629489603025,0.0665406427221172,0.006782503833575329
25017323100,1442,0.15048543689320387,0.030513176144244106,0.11997226074895978,0.00941564380432041
25023542300,3040,0.16644736842105262,0.02401315789473684,0.1424342105263158,0.006755666285626435
25017335400,1480,0.16486486486486487,0.08175675675675675,0.0831081081081081,0.009645207506137746
25021440100,2659,0.14667168108311396,0.023317036479879653,0.1233546446032343,0.006860757127373045
25009251600,3427,0.1768310475634666,0.06711409395973154,0.10971695360373504,0.006517284781888741
25017365202,2623,0.1414410979794129,0.03736179946626001,0.10407929851315288,0.0068041473801941825
25025000802,5626,0.13526484180590118,0.05421258442943477,0.0810522573764664,0.0045596778388172585
25025010600,9083,0.14752834966420786,0.060993063965650116,0.08653528569855774,0.003721029024025462
25021457200,3564,0.13580246913580246,0.03928170594837262,0.09652076318742986,0.005738408961139064
25023507104,1314,0.2039573820395738,0.0974124809741248,0.106544901065449,0.011115786364792853
25009211300,1423,0.19395643007730148,0.049894588896697116,0.14406184118060436,0.0104816318041066
25025040100,1865,0.09061662198391421,0.012332439678284183,0.07828418230563003,0.006647188920018155
25025130100,2091,0.13103778096604496,0.05308464849354376,0.0779531324725012,0.007379410941717711
25009218100,1720,0.17209302325581396,0.06918604651162791,0.10290697674418604,0.009101399541064965
25009223100,1511,0.13037723362011913,0.01985440105890139,0.11052283256121774,0.008662317525911381
25017341102,1582,0.12579013906447534,0.06131479140328698,0.06447534766118837,0.008337347620603683
25025170100,2473,0.1763040841083704,0.10473109583501819,0.0715729882733522,0.007663066327380985
25023510300,1751,0.1896059394631639,0.0930896630496859,0.09651627641347801,0.009367657861558831
25009250800,1435,0.20905923344947736,0.12682926829268293,0.08222996515679443,0.010734472469799066
25017314301,2392,0.1801839464882943,0.056020066889632104,0.12416387959866221,0.007858427827805754
25025090300,1375,0.1781818181818182,0.14327272727272727,0.03490909090909091,0.010319727193407591
25025140202,1012,0.11462450592885376,0.06225296442687747,0.05237154150197629,0.010014107073704401
25023561200,1380,0.15797101449275364,0.03840579710144928,0.11956521739130435,0.00981776610091291
25017317301,2424,0.16872937293729373,0.08622112211221122,0.08250825082508251,0.007606769491575965
25017317302,2060,0.16844660194174757,0.07572815533980583,0.09271844660194174,0.008245985908896605
25023511200,3154,0.186429930247305,0.07324032974001268,0.11318960050729232,0.006934648546351206
25023530600,2482,0.21595487510072522,0.048751007252215955,0.16720386784850927,0.008259450354199562
25025010403,2176,0.1135110294117647,0.06801470588235294,0.04549632352941176,0.00680027152672256
25025160601,2640,0.18712121212121213,0.07727272727272727,0.10984848484848485,0.007590535975793197
25017341200,3083,0.157314304249108,0.06130392474862147,0.09601037950048653,0.0065573770380475726
25025020301,7480,0.11804812834224598,0.04264705882352941,0.07540106951871657,0.0037307933762398314
25025071201,3124,0.10467349551856595,0.04481434058898848,0.05985915492957746,0.005477136591460387
25017339600,2102,0.1384395813510942,0.06612749762131304,0.07231208372978117,0.0075328037340888256
25017339900,3266,0.12737293325168403,0.055419473361910596,0.07195345988977342,0.00583370984740891
25017358100,1901,0.12467122567069963,0.03945291951604419,0.08521830615465545,0.007576657554300715
25017360200,1422,0.14556962025316456,0.0014064697609001407,0.1441631504922644,0.009352418172690603
25021417200,4251,0.14184897671136204,0.04751823100446954,0.0943307457068925,0.005351178197021997
25025100603,3727,0.15320633217064664,0.1030319291655487,0.050174403005097935,0.005899938195832244
25021420301,4337,0.1406502190454231,0.04634540004611483,0.09430481899930827,0.005279107194936258
25023511301,977,0.2047082906857728,0.09416581371545547,0.1105424769703173,0.012908734294867098
25021400400,3370,0.1400593471810089,0.07507418397626113,0.06498516320474777,0.005978267427829441
25009204101,2385,0.2020964360587002,0.09475890985324947,0.10733752620545073,0.008222622233228675
25009210400,3815,0.18086500655307994,0.040104849279161206,0.14076015727391875,0.0062317172899674905
25023525101,2964,0.15418353576248314,0.033738191632928474,0.12044534412955465,0.006633121738828013
25025091100,1890,0.11904761904761904,0.07407407407407407,0.04497354497354497,0.007449132027372269
25025130402,4594,0.1412712233347845,0.039616891597736174,0.10165433173704833,0.005138772198783266
25009254100,3244,0.14149198520345252,0.04593094944512947,0.09556103575832306,0.006119242640659434
25009254200,4360,0.14541284403669724,0.03990825688073395,0.10550458715596331,0.005338709874604203
25017322400,1508,0.18037135278514588,0.04907161803713528,0.1312997347480106,0.009901287590075386
25017363102,3063,0.1377734247469801,0.03525954946131244,0.10251387528566765,0.006227588828107662
25009211200,6962,0.21732260844584889,0.05328928468830796,0.16403332375754093,0.0049428432663114535
25009220102,774,0.24935400516795866,0.10077519379844961,0.14857881136950904,0.015550891084859018
25017352900,1840,0.11684782608695653,0.07717391304347826,0.03967391304347826,0.007488919772690739
25021403300,2539,0.12406459235919653,0.028357621110673494,0.09570697124852304,0.00654227231253785
25017355000,1880,0.10372340425531915,0.04308510638297872,0.06063829787234042,0.0070320262683549045
25025120103,1929,0.10938310005184033,0.07983411093831,0.029548989113530325,0.007106478818658812
25025170200,1127,0.18012422360248448,0.09760425909494233,0.08251996450754215,0.01144716994717666
25021417501,1051,0.11607992388201713,0.05708848715509039,0.058991436726926735,0.009880608653230299
25025170502,1788,0.15156599552572708,0.06487695749440715,0.08668903803131991,0.008480591888125683
25023510502,5272,0.19309559939301973,0.057852807283763276,0.13524279210925644,0.0054363765367922865
25025092300,1933,0.21003621314019658,0.16709777547853077,0.0429384376616658,0.009264772388081663
25017335100,5558,0.1459157970492983,0.053256567110471394,0.09265922993882691,0.004735242548176631
25023506203,1515,0.18283828382838282,0.066006600660066,0.11683168316831684,0.00993073190496884
25023507103,1217,0.21117502054231718,0.06820049301561217,0.142974527526705,0.011699473305650888
25021457100,4402,0.16742389822807816,0.04066333484779645,0.1267605633802817,0.005627243084090141
25017357700,1994,0.1148445336008024,0.044633901705115345,0.07021063189568706,0.007140068282351241
25021403500,5999,0.12802133688948159,0.024837472912152027,0.10318386397732955,0.004313747068081276
25017321500,1372,0.21501457725947523,0.04446064139941691,0.17055393586005832,0.011091433829388072
25017337300,4439,0.1302095066456409,0.056544266726740254,0.07366523991890066,0.005051101580235187
25017354100,3836,0.1467674661105318,0.08003128258602711,0.0667361835245047,0.005713593020496375
25017312200,3181,0.19585036152153412,0.08425023577491354,0.11160012574662057,0.007036371967593609
25021404302,3040,0.12631578947368421,0.03684210526315789,0.08947368421052632,0.006025169543457615
25021456402,896,0.11830357142857142,0.03236607142857143,0.0859375,0.010789578119639109
25017382602,5423,0.18790337451595057,0.0492347409183109,0.13866863359763967,0.005304584115905762
25017368101,3108,0.1377091377091377,0.0341055341055341,0.1036036036036036,0.006181128415422895
25025140102,2570,0.13190661478599222,0.0357976653696498,0.09610894941634242,0.006674979699810052
25017358600,3604,0.11653718091009989,0.02857935627081021,0.08795782463928968,0.005344831290589875
25025050101,1468,0.15735694822888283,0.06471389645776567,0.09264305177111716,0.009503897776070313
25025050200,2277,0.1339481774264383,0.06368028107158542,0.07026789635485288,0.00713770885193988
25017366202,2462,0.11779041429731925,0.036961819658813976,0.08082859463850528,0.006496760193556889
25021423100,2489,0.18722378465247086,0.05383688228204098,0.13338690237042988,0.007819042159653955
25023504102,828,0.16666666666666666,0.08454106280193237,0.0821256038647343,0.012951455670004358
25017316201,2202,0.16076294277929154,0.051771117166212535,0.10899182561307902,0.007827564275838679
33015100301,5577,0.18809395732472656,0.023310023310023312,0.16478393401470323,0.00523287049085692
25017341300,7456,0.15517703862660945,0.0631706008583691,0.09200643776824034,0.004193181244887852
25017383700,2351,0.1646108039132284,0.040833687792428755,0.12377711612079965,0.007647989456436451
25009251000,1052,0.2300380228136882,0.16254752851711027,0.06749049429657794,0.012975574116167688
25009252602,4086,0.20239843367596672,0.06216348507097406,0.14023494860499267,0.006285609428199254
25017382500,4072,0.13212180746561886,0.03806483300589391,0.09405697445972495,0.0053065560578308205
25025051101,3116,0.15725288831835688,0.0683568677792041,0.08889602053915276,0.006521525959871632
25025080401,3474,0.1652274035693725,0.10362694300518134,0.061600460564191134,0.0063010107997197905
25025081200,2324,0.16351118760757316,0.12306368330464716,0.04044750430292599,0.007671596335402585
25017382100,3330,0.14684684684684685,0.05345345345345345,0.09339339339339339,0.006133716459292739
25025120301,2979,0.15172876804296745,0.10876132930513595,0.04296743873783149,0.006573037099700709
25025981202,4033,0.12248946193900323,0.015125216960079346,0.10736424497892388,0.005162516143945515
33015069300,1283,0.22369446609508964,0.06703039750584568,0.15666406858924395,0.011634042152876379
25017353400,2036,0.11394891944990176,0.04911591355599214,0.06483300589390963,0.007041993154391297
25025050400,1935,0.14470284237726097,0.06563307493540052,0.07906976744186046,0.007997542574284606
25009207100,1757,0.15708594194649972,0.08366533864541832,0.07342060330108138,0.008681093384487243
25025160502,3107,0.15770840038622466,0.0511747666559382,0.10653363373028645,0.006538648950985983
25021414100,1677,0.14013118664281454,0.02564102564102564,0.11449016100178891,0.008476507827932522
25025010701,5234,0.14635078333970195,0.0811998471532289,0.06515093618647307,0.004885627928050642
25009253201,3163,0.16724628517230478,0.050268732216250396,0.11697755295605437,0.00663570290480976
25009253202,5036,0.1669976171564734,0.03852263701350278,0.12847498014297062,0.005255758463392596
25017383300,1909,0.17600838135149294,0.07386066003143006,0.10214772132006286,0.008716158265012404
25017387201,1451,0.13507925568573398,0.06064782908339077,0.07443142660234321,0.008973229592738542
25025160400,7039,0.16294928256854666,0.0568262537292229,0.10612302883932377,0.0044019654568562844
25025180200,2497,0.14937925510612735,0.05446535843011614,0.09491389667601122,0.007133519595698396
25021422502,2361,0.15120711562897077,0.05972045743329098,0.09148665819567979,0.007372910907702422
25025040801,2945,0.12631578947368421,0.01595925297113752,0.11035653650254669,0.006121578377734376
25025000401,1484,0.1091644204851752,0.03571428571428571,0.07345013477088949,0.008095103083062733
25025140106,1109,0.13525698827772767,0.08656447249774572,0.04869251577998197,0.010269696613337546
25009204701,4498,0.22143174744330812,0.06869719875500223,0.1527345486883059,0.006190968059978818
25009206200,757,0.2073976221928666,0.12285336856010567,0.0845442536327609,0.014736068516594744
25009210200,3343,0.1540532455877954,0.06251869578223153,0.09153454980556386,0.006243652909052301
25017317102,2527,0.17768104471705579,0.036011080332409975,0.14166996438464582,0.007603929457824369
25017352200,1675,0.11701492537313433,0.057313432835820896,0.05970149253731343,0.00785398207254468
33015055002,2113,0.18646474207288216,0.03360151443445338,0.15286322763842877,0.008472992142839215
33015059000,3158,0.23020899303356554,0.032932235592146926,0.19727675744141862,0.007491029310226617
25025020101,2357,0.08442935935511243,0.021213406873143825,0.06321595248196861,0.005726811449861487
25017370300,6805,0.14063188831741366,0.03747244673034533,0.10315944158706833,0.004214222452029978
25025100100,2877,0.19395203336809178,0.13799096280848105,0.05596107055961071,0.007371530740439074
25021422700,2212,0.15144665461121157,0.06103074141048825,0.09041591320072333,0.0076221388495078726
25023501101,2107,0.17465590887517798,0.08210726150925486,0.09254864736592311,0.008271359497131337
25025081400,2474,0.15036378334680678,0.09215844785772029,0.0582053354890865,0.007186017704293477
25025081800,1835,0.1760217983651226,0.13569482288828338,0.040326975476839236,0.008890435875867112
25021400100,3450,0.12260869565217392,0.059420289855072465,0.06318840579710144,0.005584030111901455
25025070300,5311,0.11560911316136321,0.055733383543588776,0.05987572961777443,0.004387630164329656
25021419100,8256,0.2028827519379845,0.042877906976744186,0.16000484496124032,0.004425871745800815
25023510100,596,0.19798657718120805,0.09228187919463088,0.10570469798657718,0.016322458096670975
25025010702,6885,0.14074074074074075,0.07814088598402325,0.0625998547567175,0.004191023097317596
25017351500,5847,0.14383444501453738,0.05404480930391654,0.08978963571062083,0.004589271802074835
25009260302,1167,0.15252784918594686,0.032562125107112254,0.11996572407883462,0.010524509461613336
25021420202,2682,0.11073825503355705,0.02348993288590604,0.087248322147651,0.006059464648106749
25025092400,2716,0.195139911634757,0.15206185567010308,0.0430780559646539,0.007604459743977043
25017334400,6405,0.14660421545667449,0.03950039032006245,0.10710382513661203,0.004419660487400447
25009251300,1830,0.20601092896174864,0.09398907103825137,0.11202185792349727,0.00945424489360376
25009252300,4341,0.16263533747984335,0.061506565307532825,0.10112877217231053,0.0056010555427906325
25025100800,2763,0.13934129569308723,0.05247918928700688,0.08686210640608034,0.006588172509373732
25017334100,1483,0.13283884018880648,0.03843560350640594,0.09440323668240054,0.008813367319618461
25025130300,1806,0.13067552602436322,0.031007751937984496,0.09966777408637874,0.007931022988826272
25017354800,1426,0.08906030855539972,0.052594670406732116,0.0364656381486676,0.007542705438128894
25023510501,1990,0.19396984924623115,0.07085427135678392,0.12311557788944724,0.008863723902622552
25025101002,3134,0.1525207402680281,0.09795788130185067,0.05456285896617741,0.006422135958292249
25009266100,1768,0.1747737556561086,0.03223981900452489,0.1425339366515837,0.009031990968444
33015063002,4706,0.1831704207394815,0.02528686782830429,0.15788355291117723,0.005638550029154642
25017383101,1540,0.1590909090909091,0.05519480519480519,0.1038961038961039,0.00932044923028096
25021402300,1177,0.1274426508071368,0.006796941376380629,0.12064570943075616,0.009719997585861213
25009221100,923,0.26977248104008666,0.11917659804983749,0.15059588299024917,0.014609221383044723
25009223300,2061,0.13294517224648228,0.025715672003881612,0.10722950024260068,0.007478604559905077
25025120500,2038,0.14131501472031405,0.0971540726202159,0.04416094210009813,0.007716298127241761
25025130406,1235,0.12793522267206478,0.05425101214574899,0.07368421052631578,0.009504646273637693
25025010104,3806,0.12637940094587494,0.0743562795585917,0.05202312138728324,0.005385985589272394
25009207000,3367,0.1577071577071577,0.08434808434808434,0.07335907335907337,0.006281099876327125
25021442102,2931,0.16206073012623678,0.021153190037529853,0.14090754008870693,0.00680671016479691
25009250900,656,0.24390243902439024,0.17835365853658536,0.06554878048780488,0.016766602586396513
25017342101,1455,0.13883161512027492,0.07422680412371134,0.06460481099656358,0.009064768768537835
25017353700,4895,0.14484167517875382,0.06700715015321757,0.07783452502553626,0.005030297670086378
25023540103,408,0.21323529411764705,0.10049019607843138,0.11274509803921569,0.020277849613592885
25025010204,3439,0.12096539691770863,0.06280895609188718,0.05815644082582146,0.005560546478063537
25023505200,2055,0.17858880778588807,0.051094890510948905,0.12749391727493917,0.00844892614779258
25023520202,1911,0.17791732077446362,0.08267922553636839,0.09523809523809523,0.00874855890780406
25023504101,4043,0.18352708384862726,0.053920356171160026,0.12960672767746723,0.006087922326576322
25023545300,933,0.21221864951768488,0.05680600214362272,0.15541264737406216,0.013386091801320157
25009250600,998,0.2124248496993988,0.11823647294589178,0.09418837675350701,0.012947424629580354
25009252400,1503,0.20825016633399868,0.1270791749833666,0.08117099135063206,0.010473869985141233
25025160101,2321,0.15122791900043084,0.06635071090047394,0.08487720809995691,0.007436592095070574
25025080300,1727,0.16039374638100753,0.10712217718587146,0.05327156919513607,0.008830501716727161
25017354000,3029,0.1393199075602509,0.0706503796632552,0.06866952789699571,0.006291842332194689
25025010500,2469,0.12110166059133252,0.03969218307006885,0.08140947752126367,0.006565742196636345
25017322300,1438,0.17941585535465926,0.054242002781641166,0.12517385257301808,0.010118415927976404
25021441202,2044,0.16095890410958905,0.019569471624266144,0.1413894324853229,0.00812846750628304
25025010300,6166,0.14255595199481025,0.046059033409017194,0.09649691858579305,0.004452396289533336
25009213100,929,0.1108719052744887,0.024757804090419805,0.0861141011840689,0.010301134673425914
25017333502,1881,0.1419457735247209,0.03668261562998405,0.10526315789473684,0.008046818441463195
25023543100,683,0.2108345534407028,0.1054172767203514,0.1054172767203514,0.01560790356701348
25017330100,1384,0.12066473988439307,0.010115606936416185,0.11054913294797687,0.008755871705902288
25017330200,6010,0.1437603993344426,0.0237936772046589,0.1199667221297837,0.004525640519979527
25017338200,2908,0.12138927097661623,0.0405777166437414,0.08081155433287483,0.0060560743963120525
25021400700,3605,0.13092926490984744,0.07156726768377254,0.059361997226074895,0.005618149519387625
25009253204,2164,0.1511090573012939,0.029574861367837338,0.12153419593345656,0.007699146257697406
25025170400,4401,0.1626902976596228,0.07384685298795728,0.08884344467166554,0.005563501435060073
25025000202,1877,0.09483217900905701,0.034096963239211506,0.060735215769845495,0.006762546769015154
25025140300,4501,0.1566318595867585,0.09020217729393468,0.06642968229282381,0.005417440385537181
25009208200,3564,0.17676767676767677,0.0723905723905724,0.10437710437710437,0.00638989595088536
25017352101,1889,0.12916887241926944,0.019057702488088937,0.11011116993118052,0.007716669985698903
25021402500,4467,0.11842399820908887,0.050593239310499215,0.06783075889858965,0.0048343908940170115
25025100900,2645,0.16521739130434782,0.11190926275992438,0.05330812854442344,0.007221073050321858
25021456101,2073,0.16546068499758804,0.04582730342498794,0.1196333815726001,0.008161522052773304
25017350700,2283,0.1116951379763469,0.04993429697766097,0.06176084099868594,0.0065924250099274025
33015061001,1724,0.23955916473317865,0.06380510440835267,0.175754060324826,0.010279464225317515
25017332200,5168,0.1538312693498452,0.04063467492260062,0.11319659442724458,0.005018680466248349
25009251200,1004,0.22709163346613545,0.13844621513944222,0.08864541832669323,0.013222017112744145
25009204200,2774,0.19863013698630136,0.10201874549387166,0.0966113914924297,0.007575055963042412
25017341800,4711,0.15262152409254937,0.06601570791763957,0.08660581617490978,0.005239502538933512
25023520100,3391,0.19964612208787968,0.04423473901503981,0.15541138307283986,0.006864478851137563
25025170501,2864,0.16166201117318435,0.08763966480446927,0.07402234636871509,0.006879027649997949
25009251700,3949,0.16966320587490505,0.0777412003038744,0.09192200557103064,0.005972792250230196
33015003901,1625,0.19384615384615383,0.028923076923076923,0.16492307692307692,0.009806428738653093
25009266200,1127,0.16770186335403728,0.064773735581189,0.10292812777284827,0.01112875155857779
25017341400,1834,0.14885496183206107,0.05616139585605234,0.09269356597600872,0.008311583610905138
25017342400,11312,0.17768741159830267,0.044642857142857144,0.13304455445544555,0.0035939919632313314
25017333200,2449,0.14250714577378523,0.04083299305839118,0.10167415271539404,0.007063812829149495
25017333400,5591,0.1402253621892327,0.038096941513146125,0.10212842067608657,0.004643664704756806
25023501202,4368,0.20215201465201466,0.05196886446886447,0.15018315018315018,0.006076560111560717
25009252101,2915,0.18010291595197256,0.09056603773584905,0.0895368782161235,0.007117389995572841
25009267101,1876,0.15458422174840086,0.03091684434968017,0.12366737739872068,0.008346441223379675
25017342102,1683,0.14497920380273321,0.08615567439096851,0.058823529411764705,0.008582209980224069
25025000502,3590,0.12729805013927575,0.05459610027855153,0.07270194986072423,0.005562840714613348
25025060501,2503,0.10307630842988413,0.021574111066719935,0.0815021973631642,0.006077524961409271
25009214100,2091,0.1133428981348637,0.020086083213773313,0.09325681492109039,0.0069326294653819474
25017352400,5580,0.12383512544802867,0.03799283154121864,0.08584229390681003,0.004409585257387411
25017353900,2005,0.09975062344139651,0.03790523690773067,0.061845386533665836,0.006692402234105998
25021409102,848,0.1650943396226415,0.0695754716981132,0.09551886792452831,0.012749315494352419
25023521202,503,0.18687872763419483,0.08946322067594434,0.09741550695825049,0.0173809537215429
25023523201,1179,0.17896522476675147,0.08651399491094147,0.09245122985581,0.011163701064215978
25025980300,1177,0.11809685641461343,0.062022090059473234,0.056074766355140186,0.009406788566224464
25025090600,1960,0.1510204081632653,0.10357142857142858,0.047448979591836735,0.008087949100594613
25017341902,2935,0.15127768313458262,0.08143100511073254,0.06984667802385008,0.006614030456722921
25009210900,1060,0.20943396226415095,0.12641509433962264,0.0830188679245283,0.012497976353722122
25017311900,1623,0.2002464571780653,0.1059765865680838,0.09426987060998152,0.009933476003485842
25017316102,3666,0.15602836879432624,0.040370976541189305,0.11565739225313694,0.005993347760884484
33015069200,1538,0.24057217165149544,0.09817945383615084,0.1423927178153446,0.010899028299179067
33017080202,539,0.19480519480519481,0.09647495361781076,0.09833024118738404,0.01705910987821256
25017350600,1156,0.12629757785467127,0.04930795847750865,0.07698961937716263,0.009770130477763395
25021415300,2501,0.1135545781687325,0.023190723710515795,0.09036385445821671,0.0063441213125357415
25021442202,2363,0.18027930596699113,0.05501481168006771,0.1252644942869234,0.007908134142419105
25025140400,3737,0.17955579341717956,0.12496655070912496,0.05458924270805459,0.006278598162030544
25017359300,2351,0.13015737983836664,0.010633772862611655,0.119523606975755,0.006939503924794366
25025110103,4230,0.16453900709219857,0.08321513002364066,0.08132387706855793,0.005700688901949601
25025120104,633,0.08846761453396525,0.014218009478672985,0.07424960505529225,0.011286943603674802
25009217500,2029,0.1818629866929522,0.08723509117792015,0.09462789551503203,0.008563359104597816
25009211401,4688,0.1670221843003413,0.0439419795221843,0.123080204778157,0.005447660013905823
25025981502,3257,0.16610377648142463,0.048203868590727665,0.11789990789069696,0.006521340512160052
25021417601,2142,0.14332399626517273,0.058823529411764705,0.08450046685340803,0.007571083261677534
25017317101,3229,0.15887271601114897,0.05977082688138743,0.09910188912976153,0.006433117707868555
25017341600,1588,0.1297229219143577,0.04345088161209068,0.086272040302267,0.008431636681641859
25017342300,2494,0.1347233360064154,0.06255012028869286,0.07217321571772253,0.006836765519405265
25021400500,2006,0.11914257228315055,0.058823529411764705,0.06031904287138584,0.007233039423268529
25021417300,1674,0.11290322580645161,0.032855436081242535,0.08004778972520908,0.007735011227601964
25017354700,3587,0.13465291329802062,0.07164761639252858,0.06300529690549206,0.005699507856577272
25025010103,2258,0.1328609388839681,0.033215234720992026,0.09964570416297608,0.007143006818841193
25017324101,1910,0.12984293193717278,0.031413612565445025,0.09842931937172775,0.0076911503154219
25017361100,2845,0.11142355008787347,0.025659050966608084,0.08576449912126538,0.005899222270794859
25017313101,3498,0.16123499142367068,0.024299599771297885,0.13693539165237278,0.0062178451058178255
33015107400,2043,0.2608908467939305,0.06558981889378365,0.19530102790014683,0.00971515039824082
25009206900,2404,0.18760399334442596,0.10024958402662229,0.08735440931780367,0.007962284615623044
25009217300,4645,0.20215285252960172,0.06609257265877287,0.13606027987082886,0.005892599521092897
25021422100,2653,0.15491895966830005,0.05804749340369393,0.0968714662646061,0.007024781818267917
25023508200,1254,0.1810207336523126,0.08213716108452951,0.09888357256778309,0.01087306152920032
25017356601,1869,0.10861423220973783,0.02835741037988229,0.08025682182985554,0.007197332481424526
25017383501,2422,0.15441783649876134,0.07225433526011561,0.08216350123864574,0.00734242584486112
25017385202,2758,0.17258883248730963,0.05148658448150834,0.1211022480058013,0.007195647891717084
25021422302,3379,0.17490381769754365,0.044983722994968924,0.12992009470257473,0.00653518426658007
25023500103,1195,0.14309623430962343,0.06108786610878661,0.08200836820083682,0.010129690484849602
25017315200,3105,0.14074074074074075,0.04605475040257649,0.09468599033816426,0.006240813787217764
25025050600,2702,0.13101406365655072,0.06809770540340489,0.06291635825314582,0.006491165173330339
25025180101,1856,0.15032327586206898,0.052262931034482756,0.0980603448275862,0.008295660886592924
25025010801,1268,0.09305993690851735,0.02444794952681388,0.06861198738170347,0.008158513631631914
25017353200,1628,0.10442260442260443,0.0214987714987715,0.08292383292383293,0.007579169537441132
25009266400,963,0.1536863966770509,0.04984423676012461,0.10384215991692627,0.011621715277673137
25025000704,2551,0.1328890631125049,0.08349666797334379,0.04939239513916111,0.006720888995488964
25023510200,1492,0.18699731903485256,0.08981233243967829,0.09718498659517426,0.010094371115772514
25017368901,1547,0.1363930187459599,0.02197802197802198,0.11441499676793794,0.008725874976577855
25009267102,3481,0.16661878770468255,0.02642918701522551,0.14018960068945704,0.006315850279115697
33015066000,2247,0.21895861148197596,0.06186025812194036,0.1570983533600356,0.008724016999261836
25025091001,4173,0.16079559070213276,0.10136592379583034,0.05942966690630242,0.005686522395534982
25025030400,2941,0.09146548792927575,0.026181570894253655,0.06528391703502211,0.0053155943378530935
25017331300,1232,0.18993506493506493,0.012175324675324676,0.17775974025974026,0.011175247173360244
25017333300,3166,0.14024005053695515,0.04074542008843967,0.09949463044851548,0.0061711937218605715
25017311600,3171,0.19205298013245034,0.0706401766004415,0.12141280353200883,0.006995259758135435
25021422301,2067,0.14223512336719885,0.04837929366231253,0.0938558297048863,0.0076827609109147675
25025101001,3389,0.16376512245500147,0.10416051932723518,0.059604603127766304,0.006356807516868908
25023525203,1601,0.17926296064959402,0.07495315427857589,0.10430980637101811,0.009586313622160557
25017356702,3774,0.11208267090620032,0.033386327503974564,0.07869634340222575,0.005135166788025554
25017373100,2865,0.1280977312390925,0.07504363001745201,0.05305410122164049,0.006243704053750198
25017320102,1379,0.14938361131254532,0.00870195794053662,0.1406816533720087,0.009599226007586193
25017313102,736,0.19701086956521738,0.12364130434782608,0.07336956521739131,0.01466091311691411
25017314102,1836,0.1977124183006536,0.08496732026143791,0.11274509803921569,0.009294920308746506
25023506202,1421,0.20337790288529206,0.08022519352568613,0.12315270935960591,0.01067778121211726
25023507101,384,0.23697916666666666,0.19010416666666666,0.046875,0.021699896867112767
25023502102,1315,0.1543726235741445,0.05855513307984791,0.09581749049429658,0.009963496746917735
25023503101,4680,0.197008547008547,0.05982905982905983,0.1371794871794872,0.005814000553742343
25021422600,1413,0.1599433828733192,0.07147912243453644,0.08846426043878274,0.00975138573811009
25017315402,2406,0.16417290108063176,0.007065669160432253,0.1571072319201995,0.007551985520367084
25009206500,1251,0.18705035971223022,0.12310151878497202,0.0639488409272582,0.01102509754579473
25009206800,2922,0.17932922655715264,0.09274469541409994,0.0865845311430527,0.007096920094812828
25023502101,2326,0.1650902837489252,0.0649183147033534,0.1001719690455718,0.007697960164663308
25009260100,3471,0.17199654278305965,0.04379141457793143,0.1282051282051282,0.006405434977400638
25025130404,989,0.12841253791708795,0.056622851365015166,0.0717896865520728,0.010638026209820576
25017358400,5364,0.11483967188665176,0.026286353467561523,0.08855331841909023,0.004353239462683673
25017368500,3039,0.13886146758802237,0.060217176702862786,0.07864429088515959,0.0062728086060080575
25017320104,1630,0.15828220858895706,0.020858895705521473,0.1374233128834356,0.009040771691679815
25021416102,1178,0.11460101867572156,0.0025466893039049238,0.11205432937181664,0.009280921573757721
25017316400,2308,0.1520797227036395,0.012131715771230503,0.13994800693240902,0.00747472577489562
25025000100,7712,0.13031639004149378,0.04512448132780083,0.08519190871369295,0.003833510460969547
25017315403,1036,0.12837837837837837,0.023166023166023165,0.10521235521235521,0.010392740001218675
25009205800,2703,0.15871254162042175,0.059193488716241215,0.09951905290418055,0.00702837309734019
25017311800,1340,0.20970149253731343,0.0791044776119403,0.13059701492537312,0.011121002604489269
25009215102,1145,0.15458515283842794,0.06200873362445415,0.0925764192139738,0.010683562175201467
25009222100,1833,0.18112384069830878,0.07746863066012002,0.10365521003818876,0.00899530079868439
25017350103,7948,0.16155007549068948,0.07775541016607952,0.08379466532460997,0.004128223658389186
25025100400,2127,0.17160319699106724,0.12693935119887165,0.04466384579219558,0.008175195543742428
25025070900,1913,0.1353894406691061,0.09357030841610037,0.04181913225300575,0.007822492935522564
25025082100,1775,0.20901408450704226,0.17971830985915493,0.029295774647887324,0.009651014599942118
25017370400,3689,0.10761724044456493,0.03496882624017349,0.07264841420439143,0.005102255280413385
25025092101,5030,0.16163021868787275,0.09443339960238568,0.06719681908548708,0.005190331489714113
25025981100,443,0.14672686230248308,0.05191873589164785,0.09480812641083522,0.01681113318771132
25009202200,1716,0.19230769230769232,0.09965034965034965,0.09265734265734266,0.00951398932534911
33015063001,2853,0.1661409043112513,0.01927795303189625,0.14686295127935506,0.006968410626658085
25009210500,2420,0.1640495867768595,0.07148760330578513,0.09256198347107437,0.007527835943334083
25017382400,1002,0.14570858283433133,0.05189620758483034,0.09381237524950099,0.011145812373076738
25017350900,3717,0.13828356201237557,0.07936507936507936,0.058918482647296204,0.00566201723729851
25017383901,1253,0.12130885873902633,0.055865921787709494,0.06544293695131684,0.009223353350679645
25017354500,1767,0.11997736276174306,0.0622524052065648,0.057724957555178265,0.007729978800859149
25017368800,4142,0.14703042008691453,0.042250120714630614,0.10478029937228392,0.0055025667961602
25023508101,3872,0.19292355371900827,0.0446797520661157,0.14824380165289255,0.006341358246951276
33015003701,2838,0.19133192389006343,0.02959830866807611,0.16173361522198731,0.007383676709092434
25021422400,4040,0.15841584158415842,0.05272277227722772,0.10569306930693069,0.005744568306630178
25023500104,1737,0.13932066781807714,0.04720782959124928,0.09211283822682786,0.008308613398938007
25017356100,1066,0.08442776735459662,0.019699812382739212,0.0647279549718574,0.008515503984985651
25025120400,3425,0.12,0.06832116788321167,0.05167883211678832,0.005552667538068632
25009205300,1337,0.18773373223635004,0.09648466716529544,0.0912490650710546,0.010679592027627263
25025080601,4889,0.16465534874207405,0.07752096543260381,0.08713438330947024,0.005304088368463947
25025070402,3405,0.1198237885462555,0.061086637298091044,0.05873715124816446,0.005565417876176885
25009253100,3012,0.14873837981407703,0.049800796812749,0.09893758300132802,0.006483590334090023
25009260200,1994,0.16900702106318957,0.07422266800401203,0.09478435305917753,0.008392444418476641
25025100601,1369,0.14828341855368882,0.10810810810810811,0.04017531044558072,0.00960488395121863
25017354900,2811,0.11704019921736036,0.02063322660974742,0.09640697260761295,0.006063279230605267
25025050300,2852,0.15077138849929875,0.07258064516129033,0.07819074333800842,0.006700342691548234
25025051000,3001,0.15394868377207596,0.04965011662779074,0.10429856714428523,0.006587996277118306
25009269100,2072,0.15057915057915058,0.03185328185328185,0.11872586872586872,0.007856859813829931
25021456301,1642,0.14738124238733252,0.04811205846528624,0.09926918392204628,0.008748064403267404
33015980011,622,0.11414790996784566,0.03054662379421222,0.08360128617363344,0.012750270447785383
25017353600,2632,0.13069908814589665,0.03837386018237082,0.09232522796352584,0.006570197186755121
25025080100,5992,0.14986648865153537,0.0670894526034713,0.08277703604806408,0.004611157237240399
25017336402,2830,0.13886925795053004,0.06643109540636043,0.07243816254416961,0.006500464434258508
25017339100,4149,0.13159797541576285,0.07134249216678717,0.06025548324897566,0.005248235326055425
25025090901,3674,0.11785519869352205,0.029123571039738703,0.08873162765378334,0.0053195480455008656
25021410400,1334,0.136431784107946,0.02848575712143928,0.10794602698650675,0.009397843080596624
33015003601,818,0.19559902200489,0.0647921760391198,0.13080684596577016,0.013868930844947357
25017353000,4864,0.14000822368421054,0.07483552631578948,0.06517269736842106,0.00497539011349423
25017314200,2625,0.18628571428571428,0.05942857142857143,0.12685714285714286,0.007599081321387299
25023510700,1868,0.17880085653104924,0.0936830835117773,0.08511777301927195,0.008865854615886053
25021421100,1661,0.13305237808549067,0.047561709813365445,0.08549066827212523,0.008333413545436062
25021421200,2554,0.14408770555990602,0.04385277995301488,0.10023492560689115,0.006948925390474114
25017321600,1272,0.18396226415094338,0.07389937106918239,0.11006289308176101,0.010863654333198747
25009254402,3662,0.14773347897323866,0.020207536865101038,0.12752594210813764,0.005863649560853888
33015105100,1940,0.15360824742268042,0.032989690721649485,0.12061855670103093,0.008186384023147197
25025060301,1483,0.09844908968307485,0.026298044504383007,0.07215104517869184,0.007736248383966741
25009251800,1760,0.18011363636363636,0.08295454545454546,0.0971590909090909,0.009159964592760571
33015106102,1872,0.1672008547008547,0.04113247863247863,0.12606837606837606,0.00862455030687462
25017354400,849,0.08244994110718493,0.0353356890459364,0.04711425206124853,0.009439656987951656
25017374100,5679,0.13875682338439865,0.041908786758232085,0.09684803662616658,0.004587268249867666
25017374500,2533,0.12870114488748519,0.06869324911172522,0.06000789577575997,0.0066536075599510705
25025090100,2569,0.20358115998442974,0.16815881666017907,0.035422343324250684,0.007944334146464553
25009206000,1494,0.17804551539491298,0.10575635876840696,0.07228915662650602,0.00989724008703826
25025080500,1969,0.13357034027425088,0.08633824276282377,0.047232097511427124,0.007666529540950785
25017337101,343,0.14285714285714285,0.037900874635568516,0.10495626822157435,0.018894287750460235
25017374700,3276,0.1224053724053724,0.041819291819291816,0.08058608058608059,0.005726315483323693
25009206100,1587,0.18147448015122875,0.11279143037177064,0.06868304977945809,0.009674653715500723
25017374400,1266,0.11532385466034756,0.04660347551342812,0.06872037914691943,0.008977075561074827
25017317203,4963,0.19282691920209552,0.051984686681442675,0.14084223252065284,0.005600090282243445
25025100200,1046,0.18833652007648183,0.16252390057361377,0.02581261950286807,0.012088973662324582
25023521102,1801,0.19822320932815102,0.0966129927817879,0.10161021654636314,0.009393926015304251
25009250700,1366,0.21156661786237188,0.0841874084919473,0.1273792093704246,0.011050469341663554
25017315401,2799,0.1354055019649875,0.02750982493747767,0.10789567702750982,0.006467299004525195
25009260401,2123,0.18276024493641074,0.030617051342439944,0.1521431935939708,0.008387656010054437
25009205400,1183,0.13947590870667795,0.06339814032121724,0.0760777683854607,0.010072534049506372
25017374000,2042,0.12830558276199805,0.019588638589618023,0.10871694417238002,0.007400772261438123
25017374800,2884,0.10124826629680998,0.016296809986130374,0.08495145631067962,0.005617150243811051
33015107100,2144,0.25,0.09095149253731344,0.15904850746268656,0.009351650026009059
33017080500,1596,0.2543859649122807,0.08208020050125313,0.17230576441102757,0.010901522788248994
25025000601,2715,0.10570902394106814,0.050460405156537755,0.055248618784530384,0.005900795158156636
25017351203,1334,0.09295352323838081,0.053973013493253376,0.038980509745127435,0.007950048596117143
25009204300,3552,0.16356981981981983,0.07573198198198199,0.08783783783783784,0.006206259868938097
25009204500,2787,0.18191603875134554,0.08503767491926803,0.0968783638320775,0.007307451642967179
25009211100,3500,0.1777142857142857,0.06485714285714286,0.11285714285714285,0.006461576949660573
25025000602,2796,0.08619456366237482,0.028254649499284693,0.05793991416309013,0.005307600458235228
25025092000,2183,0.17544663307375172,0.11543747136967476,0.06000916170407696,0.008140574139943318
25017337202,4459,0.1489123121776183,0.059654631083202514,0.08925768109441579,0.005331307361552573
25017339801,4794,0.15039632874426367,0.07926574885273258,0.07113057989153108,0.0051627107410110295
25025160200,2134,0.16026241799437677,0.07638238050609185,0.08388003748828492,0.00794127861149956
25017356300,2376,0.10984848484848485,0.04335016835016835,0.0664983164983165,0.006415134777950221
25025110502,2993,0.15803541597059806,0.10691613765452723,0.05111927831607083,0.006667618846764769
25021442201,380,0.24736842105263157,0.08421052631578947,0.1631578947368421,0.02213459338959099
25009260500,579,0.15716753022452504,0.07599309153713299,0.08117443868739206,0.015125605237331578
25017312400,1457,0.1935483870967742,0.12354152367879204,0.07000686341798215,0.010350329122151837
25009205700,1433,0.15212840195394278,0.0718771807397069,0.08025122121423586,0.009487397571605417
25017324102,2471,0.1375961149332254,0.024281667341157425,0.11331444759206799,0.006929821774138974
25017361200,2194,0.1340018231540565,0.02643573381950775,0.10756608933454877,0.007272697615336611
25009208300,6799,0.1897337843800559,0.05927342256214149,0.1304603618179144,0.0047551440696922825
25017353800,2138,0.1234798877455566,0.06828811973807297,0.05519176800748363,0.007115004930946996
25009250100,3811,0.17108370506428758,0.059039622146418266,0.11204408291786933,0.006100145412657502
25021417602,2762,0.14482259232440262,0.06408399710354816,0.08073859522085446,0.006696292733915685
25023530801,639,0.2535211267605634,0.1298904538341158,0.12363067292644757,0.017209387339255165
25017338500,2240,0.10758928571428572,0.03660714285714286,0.07098214285714285,0.0065470082901118
25025170300,7169,0.17171153577904869,0.060259450411493935,0.11145208536755474,0.004454113222661256
25017368902,2461,0.14831369362047947,0.04144656643640796,0.10686712718407151,0.007164314640539096
25017369100,3836,0.13503649635036497,0.03988529718456726,0.0951511991657977,0.005518044175557616
25021402400,6682,0.17614486680634542,0.03531876683627656,0.14082609997006884,0.004660228227588393
25025110301,3471,0.16076058772687987,0.08066839527513685,0.08009219245174301,0.006234554436184161
25017351300,2691,0.11371237458193979,0.04756596060943887,0.06614641397250093,0.006119759543834235
25021400800,2629,0.12742487637885128,0.07303157093952073,0.05439330543933055,0.0065032916515068775
25017356701,2907,0.10629514963880289,0.04162366701066392,0.06467148262813897,0.005716513920883944
25021411200,4085,0.16474908200734395,0.03182374541003672,0.1329253365973072,0.005803953870845602
25025140201,2256,0.14583333333333334,0.02349290780141844,0.12234042553191489,0.007430707450779511
25009215101,1251,0.15907274180655476,0.07833733013589128,0.08073541167066348,0.010340664399562556
25009251500,2616,0.20565749235474007,0.08256880733944955,0.12308868501529052,0.0079023689058775
25017357800,1354,0.10044313146233383,0.019202363367799114,0.08124076809453472,0.008168928631165409
25025000803,3111,0.1751848280295725,0.023465123754419802,0.1517197042751527,0.0068151679128095125
25009261102,3348,0.18339307048984468,0.02956989247311828,0.1538231780167264,0.006688138633652897
25017321200,1465,0.16996587030716723,0.03822525597269624,0.13174061433447098,0.009813185850917013
25025071101,5225,0.13626794258373207,0.07923444976076555,0.057033492822966506,0.004746169251730546
25025091500,1581,0.174573055028463,0.10815939278937381,0.06641366223908918,0.009546891612464598
33017081500,1911,0.3160648874934589,0.10099424385138671,0.2150706436420722,0.010635679276473476
25017367200,2905,0.10602409638554217,0.029604130808950087,0.07641996557659209,0.005712051678605572
25017383800,758,0.1741424802110818,0.11213720316622691,0.06200527704485488,0.013774324935788868
25021407100,1913,0.14375326711970726,0.03868269733403032,0.10507056978567694,0.008021412317884313
25017336401,2197,0.12107419208010924,0.06417842512517069,0.05689576695493855,0.006959641511214101
33015069100,2743,0.20743711265038278,0.055049216186656945,0.15238789646372586,0.007741893481063334
25025120700,1665,0.12852852852852853,0.02882882882882883,0.0996996996996997,0.008201990012787245
25009202101,2350,0.19489361702127658,0.09829787234042553,0.09659574468085107,0.008171306702077797
25017351204,4244,0.14208294062205468,0.07610744580584354,0.06597549481621112,0.005359273644599733
25017361300,3263,0.12105424456022065,0.017162120747778117,0.10389212381244253,0.005710347142776248
25021419400,1856,0.15625,0.04418103448275862,0.11206896551724138,0.008428065846422767
25017351404,1531,0.10320052253429131,0.027433050293925537,0.07576747224036577,0.007775011249094146
25025000301,835,0.10538922155688622,0.027544910179640718,0.07784431137724551,0.010626051679491929
25021418004,3290,0.135258358662614,0.04437689969604863,0.09088145896656535,0.005962484923789435
25021443101,2450,0.16081632653061226,0.030204081632653063,0.1306122448979592,0.007421822089163043
33017080204,1176,0.26785714285714285,0.13095238095238096,0.13690476190476192,0.012913556588849864
25017332100,2322,0.12962962962962962,0.031438415159345395,0.09819121447028424,0.006970646859251827
25025981201,1397,0.11811023622047244,0.06012884753042233,0.05798138869005011,0.008634808628890614
25017338100,1422,0.14627285513361463,0.05485232067510549,0.09142053445850915,0.009371122526214174
25025081300,3579,0.1863649063984353,0.13635093601564682,0.050013970382788486,0.0065090267250907585
25017363104,2825,0.14902654867256637,0.027256637168141595,0.12176991150442477,0.0067000894582142844
25017363202,1587,0.17265280403276623,0.03087586641461878,0.14177693761814744,0.009487291711967681
25017354200,2071,0.12988894253983582,0.036214389183969097,0.09367455335586673,0.00738726000649321
25009250400,984,0.19715447154471544,0.11280487804878049,0.08434959349593496,0.012682993298059308
25017384001,1740,0.1557471264367816,0.04482758620689655,0.11091954022988505,0.008693039858358174
25021410300,1438,0.15299026425591097,0.014603616133518776,0.1383866481223922,0.009492850808919394
25017325100,1785,0.1792717086834734,0.012324929971988795,0.16694677871148458,0.009078967696016526
25017342600,1891,0.14013749338974088,0.07720782654680064,0.06292966684294024,0.007982628426962604
25023522102,1900,0.18,0.07842105263157895,0.10157894736842105,0.008813864675970229
25025091300,1842,0.16178067318132464,0.11726384364820847,0.04451682953311618,0.008580198619041076
25021401000,1661,0.09572546658639373,0.061408789885611076,0.03431667670078266,0.007219033876517106
25021406101,1986,0.13897280966767372,0.038267875125881166,0.10070493454179255,0.007762180365630081
25021404100,2992,0.1320187165775401,0.037098930481283425,0.09491978609625669,0.0061885960934507656
25017350400,2135,0.10257611241217798,0.040749414519906324,0.061826697892271666,0.0065663343202243775
25021400900,2549,0.09611612397018439,0.04472342094939192,0.05139270302079247,0.005838073069836108
25017336300,1902,0.14090431125131442,0.06519453207150368,0.07570977917981073,0.007977699145769653
25009250500,1113,0.20395327942497754,0.1078167115902965,0.09613656783468104,0.01207777801113394
25017312100,1320,0.2015151515151515,0.1143939393939394,0.08712121212121213,0.011040791968497969
25021415102,4028,0.1643495531281033,0.020854021847070508,0.14349553128103276,0.0058391799272767934
25017341500,2407,0.1491483174075613,0.07602825093477358,0.07312006647278771,0.00726102722323372
25017354300,2043,0.1111111111111111,0.039647577092511016,0.0714635340186001,0.006952937103169364
25025040600,5482,0.14100693177672383,0.031010580080262678,0.10999635169646114,0.00470051610895632
25017368102,1605,0.13333333333333333,0.019314641744548288,0.11401869158878504,0.008485118200457525
25021422200,3555,0.16061884669479606,0.06582278481012659,0.09479606188466948,0.006158260498846562
33017081400,1200,0.2866666666666667,0.14416666666666667,0.1425,0.01305401882208722
33017083001,953,0.3179433368310598,0.1657922350472193,0.1521511017838405,0.015084768222103253
25021418102,909,0.15071507150715072,0.05500550055005501,0.09570957095709572,0.011866512714901585
25009210700,2381,0.17639647207055859,0.08273834523309534,0.09365812683746325,0.007811318549702757
25017385100,1538,0.1671001300390117,0.05266579973992198,0.11443433029908973,0.009512761826527697
25025091900,1519,0.21724818959842002,0.19091507570770244,0.026333113890717578,0.010580622907731919
25017357200,1708,0.11651053864168619,0.03864168618266979,0.0778688524590164,0.007763174683298937
25017383400,2201,0.15720127214902316,0.08314402544298047,0.0740572467060427,0.0077585389105319915
25023524101,2603,0.1648098348059931,0.031502112946600075,0.13330772185939302,0.007271887706059066
25009212100,5429,0.15877693866273715,0.03333947319948425,0.1254374654632529,0.004960087938164433
25021401100,1634,0.10709914320685435,0.030599755201958383,0.07649938800489596,0.007650126067201182
25017337102,1423,0.12297962052002812,0.03794799718903725,0.08503162333099086,0.008706006095453153
25023501102,3568,0.1633968609865471,0.04204035874439462,0.12135650224215247,0.006189693960498603
25009223200,1925,0.14597402597402598,0.046753246753246755,0.09922077922077922,0.008047444047403082
33015067000,2577,0.2479627473806752,0.09313154831199069,0.1548311990686845,0.008506593650935906
33015054000,508,0.18110236220472442,0.07086614173228346,0.11023622047244094,0.017086181309736805
25023511701,1016,0.18700787401574803,0.12303149606299213,0.0639763779527559,0.012232810898248257
25025100500,2947,0.18120122158126908,0.12453342382083475,0.05666779776043434,0.007095435976710752
25025040401,2776,0.10158501440922191,0.03818443804034582,0.06340057636887608,0.0057338138066826555
25023542101,683,0.18594436310395315,0.07174231332357248,0.11420204978038068,0.014887034702912052
25017353101,4613,0.1354866681118578,0.045957077823542164,0.08952959028831563,0.0050389772961110845
25017311200,1385,0.20577617328519857,0.08664259927797834,0.11913357400722022,0.010862858251005716
25025110201,1244,0.15594855305466238,0.10771704180064309,0.04823151125401929,0.010286436370055111
25025110401,1380,0.14057971014492754,0.09710144927536232,0.043478260869565216,0.00935674039150293
25017373400,2359,0.11742263671047054,0.055955913522679104,0.061466723187791436,0.006628089067579159
25025101102,2783,0.1814588573481854,0.13690262306863096,0.044556234279554435,0.007305547005232505
33015058000,237,0.20253164556962025,0.16455696202531644,0.0379746835443038,0.02610531883277206
25017317103,540,0.1037037037037037,0.044444444444444446,0.05925925925925926,0.013119764955397845
25017352600,914,0.11597374179431072,0.03938730853391685,0.07658643326039387,0.010591057342540117
33015069700,1148,0.2264808362369338,0.09843205574912892,0.12804878048780488,0.012353224235075216
33015067501,1004,0.22111553784860558,0.10458167330677291,0.11653386454183266,0.013097225184762076
25009270100,2813,0.15179523640241735,0.0323498044792037,0.11944543192321365,0.006765416821862061
25017331200,3652,0.1484118291347207,0.03696604600219058,0.11144578313253012,0.005882794591781432
25025091400,1103,0.19038984587488667,0.1486854034451496,0.04170444242973708,0.01182148697766963
25025091200,1646,0.15735115431348723,0.1166464155528554,0.04070473876063183,0.00897518411287954
25009252601,2255,0.1720620842572062,0.08337028824833703,0.08869179600886919,0.00794818930747919
25021415200,3714,0.12574044157242864,0.01830910070005385,0.1074313408723748,0.0054404739541587975
25025010802,944,0.09110169491525423,0.029661016949152543,0.0614406779661017,0.009365584316859783
25017312501,507,0.20118343195266272,0.1222879684418146,0.07889546351084813,0.01780392099736727
25023511100,1510,0.19933774834437087,0.1357615894039735,0.06357615894039735,0.010280896269242222
25023511500,1069,0.18989710009354538,0.09260991580916744,0.09728718428437792,0.011996109108433763
25017351000,2545,0.13045186640471512,0.0793713163064833,0.05108055009823183,0.00667618048268791
25023503102,3455,0.18668596237337193,0.05470332850940666,0.13198263386396528,0.006629197222193501
25017383200,2159,0.16535433070866143,0.05604446503010653,0.10930986567855489,0.007995259017394925
25017310601,1069,0.22170252572497662,0.12909260991580918,0.09260991580916744,0.012704842289374883
25017316300,2776,0.1451729106628242,0.02053314121037464,0.12463976945244956,0.006686089711580818
25009204102,2469,0.18712029161603888,0.0955852571891454,0.09153503442689348,0.007848976686610892
25021420100,2649,0.12155530388825972,0.01963004907512269,0.10192525481313704,0.006348968758610148
25009210600,1744,0.17947247706422018,0.08543577981651376,0.09403669724770643,0.00918908491417984
25009221902,1077,0.1903435468895079,0.059424326833797586,0.1309192200557103,0.011962215391492117
25017388200,771,0.251621271076524,0.014267185473411154,0.23735408560311283,0.015628136811705787
25017357100,1583,0.09475679090334807,0.02337334175615919,0.07138344914718889,0.0073611785582831865
25021404400,3153,0.12940057088487156,0.03742467491278148,0.09197589597209008,0.005977441023216063
25009205200,3496,0.19651029748283752,0.08180778032036613,0.1147025171624714,0.0067204306243222565
25009206300,1089,0.2056932966023875,0.14600550964187328,0.05968778696051423,0.012248706921323236
25025981700,2476,0.14378029079159935,0.07310177705977383,0.07067851373182553,0.007051263901287968
25021416200,747,0.0963855421686747,0.012048192771084338,0.08433734939759036,0.010797848552969176
25017340000,1587,0.1342155009451796,0.07624448645242596,0.057971014492753624,0.008556926033632782
25017373700,2527,0.12623664424218442,0.07320933913731698,0.05302730510486743,0.006606736914121565
25017358700,470,0.13191489361702127,0.010638297872340425,0.12127659574468085,0.015609145877312295
25009221600,1014,0.21992110453648916,0.10355029585798817,0.11637080867850098,0.013007197685630703
25023508102,1295,0.1806949806949807,0.07181467181467181,0.10888030888030888,0.010692049680395584
25009260800,1702,0.18390129259694477,0.07873090481786134,0.10517038777908343,0.009390397099376066
25021417701,6895,0.1532994923857868,0.04220449601160261,0.11109499637418419,0.004338785031596477
25009205100,1250,0.188,0.128,0.06,0.011051009003706404
25009268400,1619,0.13959234095120446,0.027177269919703522,0.11241507103150093,0.008613100300559774
25017366100,1938,0.1346749226006192,0.06243550051599587,0.07223942208462332,0.007754541524385847
25021418101,1047,0.12702960840496658,0.055396370582617004,0.07163323782234957,0.010291505152928227
25025060800,2672,0.11751497005988024,0.04940119760479042,0.06811377245508982,0.006229913887670843
25023523100,1760,0.1965909090909091,0.08636363636363636,0.11022727272727273,0.009473135567155365
25021401200,3155,0.11505546751188589,0.045641838351822506,0.0694136291600634,0.0056808323676260045
25017387100,807,0.161090458488228,0.048327137546468404,0.1127633209417596,0.012940638594254665
25021408101,1666,0.17647058823529413,0.05102040816326531,0.12545018007202882,0.009339813953381702
25017318200,1345,0.13680297397769517,0.035687732342007436,0.10111524163568773,0.009370043236384368
25017370101,906,0.12582781456953643,0.02207505518763797,0.10375275938189846,0.011018506189252457
25009261000,2146,0.17847157502329916,0.06104380242311277,0.11742777260018639,0.008265725274928838
25021402102,1677,0.13655336911150864,0.03398926654740608,0.10256410256410256,0.008384987667536396
33017084300,1630,0.33496932515337424,0.14785276073619633,0.18711656441717792,0.01169040496812725
25023511000,1536,0.21158854166666666,0.11393229166666667,0.09765625,0.010421420707928482
25025000703,3161,0.1328693451439418,0.08098702942106928,0.05188231572287251,0.006037295304870911
25025010404,2556,0.10641627543035993,0.03403755868544601,0.07237871674491393,0.006099457752967762
25017362100,539,0.11688311688311688,0.025974025974025976,0.09090909090909091,0.013838550512238836
25009221500,2810,0.19644128113879003,0.0498220640569395,0.14661921708185052,0.0074950067412251865
25009268300,4257,0.1524547803617571,0.027719050974864927,0.12473572938689217,0.005509347136842257
33017084600,1424,0.31530898876404495,0.10323033707865169,0.21207865168539325,0.012312904027724543
25025061101,555,0.1045045045045045,0.05405405405405406,0.05045045045045045,0.012985321792664576
25025000302,928,0.09375,0.05387931034482758,0.03987068965517242,0.009568319307746789
25017314101,814,0.19656019656019655,0.07493857493857493,0.12162162162162163,0.013928753676420404
25017364102,1102,0.1823956442831216,0.019056261343012703,0.16333938294010888,0.011632901008383111
25025091600,2577,0.1296080714008537,0.07295304617772604,0.05665502522312767,0.006616316047455385
25025980700,377,0.11671087533156499,0.058355437665782495,0.058355437665782495,0.01653622716287609
25017316101,556,0.12769784172661872,0.05755395683453238,0.07014388489208633,0.014154282402605288
25021413401,2629,0.14492202358311146,0.03917839482693039,0.10574362875618105,0.006865540954050247
25025070500,3318,0.1377335744424352,0.07836045810729356,0.059373116335141654,0.005982772054560077
25025180301,966,0.14492753623188406,0.055900621118012424,0.08902691511387163,0.011326307596102628
25021417901,3189,0.13954217623079335,0.05174035747883349,0.08780181875195986,0.0061360696434313465
25017368400,2971,0.12083473577919893,0.018848872433524066,0.10198586334567486,0.005979706014089188
25017339700,4214,0.140484100616991,0.07237778832463218,0.0681063122923588,0.005352951141723836
25023530300,2836,0.1918194640338505,0.06875881523272215,0.12306064880112835,0.007393454707690748
25009205500,2642,0.18357305071915217,0.093111279333838,0.09046177138531415,0.007531764321586155
25017373500,1387,0.12761355443403027,0.033886085075702954,0.09372746935832732,0.00895910500436661
25023506102,2415,0.20331262939958591,0.07991718426501035,0.12339544513457557,0.008189692155948093
25025051200,1304,0.13113496932515337,0.023006134969325152,0.10812883435582822,0.009347524734905278
25009221700,1027,0.20642648490749757,0.08568646543330087,0.12074001947419669,0.012629642849910378
25021441204,961,0.1675338189386056,0.062434963579604576,0.10509885535900104,0.012046831892132764
25025120105,1143,0.10323709536307961,0.04636920384951881,0.0568678915135608,0.00899981517765286
25021418002,3801,0.1660089450144699,0.04814522494080505,0.11786372007366483,0.00603528115097691
25009251400,838,0.21241050119331742,0.14439140811455847,0.06801909307875895,0.014129146915965483
25009250300,1816,0.20044052863436124,0.11068281938325991,0.08975770925110133,0.00939420933960203
25025100300,1294,0.223338485316847,0.19319938176197837,0.030139103554868624,0.01157791982305437
25025050700,1709,0.13165593914569923,0.05675833820947923,0.07489760093622001,0.008178904089697039
25017310300,1407,0.2068230277185501,0.12651030561478321,0.08031272210376687,0.010797853867020693
25021414300,1464,0.13797814207650272,0.036885245901639344,0.10109289617486339,0.009013505894754114
25021411302,1601,0.15927545284197375,0.03872579637726421,0.12054965646470955,0.0091454614255949
25025101101,1295,0.1783783783783784,0.14671814671814673,0.03166023166023166,0.0106382979923536
25017312502,1241,0.17969379532634971,0.1031426269137792,0.07655116841257051,0.01089854817555349
25023510503,1870,0.16417112299465242,0.09572192513368984,0.06844919786096257,0.008566161676384023
25017352300,3851,0.12230589457283822,0.0270059724746819,0.09529992209815633,0.005279691244070295
25017311700,1970,0.19035532994923857,0.08071065989847716,0.10964467005076142,0.008844975582234953
25025060101,917,0.10577971646673937,0.008724100327153763,0.0970556161395856,0.01015637645065242
33015100100,788,0.1751269035532995,0.07360406091370558,0.10152284263959391,0.013539633080918574
25017316500,4438,0.14894096439837765,0.025461919783686345,0.12347904461469131,0.005344330102614313
25009210100,1808,0.1609513274336283,0.061946902654867256,0.09900442477876106,0.008642544923834558
25009254401,1371,0.1349380014587892,0.05908096280087528,0.07585703865791393,0.009227244457473211
25017321400,4287,0.15348728714718918,0.015861908094238396,0.13762537905295077,0.005505239352582639
25017363201,530,0.2320754716981132,0.05660377358490566,0.17547169811320754,0.018337323889353115
25017310100,4938,0.17193195625759417,0.06298096395301742,0.10895099230457675,0.005369523803831877
25025081500,594,0.18686868686868688,0.13468013468013468,0.05218855218855219,0.0159939372318449
25023511702,3288,0.1575425790754258,0.05291970802919708,0.10462287104622871,0.0063534124701870864
25025080900,2691,0.15421776291341507,0.10665180230397622,0.04756596060943887,0.006962089958260965
25009206700,999,0.19119119119119118,0.11611611611611612,0.07507507507507508,0.012441539756541315
25025130200,2957,0.13831586066959756,0.06628339533310788,0.07203246533648969,0.006348693765799327
25021411301,724,0.15193370165745856,0.06906077348066299,0.08287292817679558,0.013340517560497232
25021456401,1251,0.15987210231814547,0.0319744204636291,0.1278976818545164,0.010361685140924221
25017310200,1846,0.2047670639219935,0.10400866738894908,0.10075839653304441,0.009392071339078052
25021413402,1345,0.15390334572490708,0.053531598513011154,0.10037174721189591,0.009839496537864725
25023530200,1322,0.22390317700453857,0.10892586989409984,0.11497730711043873,0.011464954966510977
25023521101,1525,0.17508196721311475,0.07934426229508197,0.09573770491803278,0.009731755421650303
25017341901,1628,0.19103194103194104,0.11486486486486487,0.07616707616707617,0.00974297259937544
25009253205,119,0.15126050420168066,0.04201680672268908,0.1092436974789916,0.03284554688494125
25023521201,1428,0.1792717086834734,0.09103641456582633,0.08823529411764706,0.010150594466908799
25021406102,1933,0.12002069322296947,0.03207449560269012,0.08794619762027936,0.007391768692130129
25025000701,1082,0.10628465804066543,0.03234750462107209,0.07393715341959335,0.009369604646161137
25017370202,908,0.13766519823788545,0.025330396475770924,0.11233480176211454,0.01143423502697021
33017081600,1228,0.3241042345276873,0.13029315960912052,0.19381107491856678,0.013356203638850157
25025000504,1857,0.10608508346795907,0.04738826063543349,0.05869682283252558,0.0071461034919522845
25025140105,1882,0.16259298618490967,0.10414452709883103,0.05844845908607864,0.008505686883893327
25017340100,1099,0.12101910828025478,0.06824385805277525,0.052775250227479524,0.009838249792162301
25009260402,1671,0.1627767803710353,0.06523040095751047,0.09754637941352484,0.00903085011645624
25009210800,2967,0.1793056959892147,0.08763060330299967,0.09167509268621503,0.007042534439364759
25009203200,1522,0.19053876478318002,0.08015768725361366,0.11038107752956636,0.010066589849977704
25023525104,1994,0.15496489468405217,0.04162487462387161,0.11334002006018054,0.008103851261320336
25017338300,1592,0.11620603015075377,0.035804020100502515,0.08040201005025126,0.008031900464238496
25017339300,1435,0.11846689895470383,0.04878048780487805,0.06968641114982578,0.008530841477329822
25017327103,597,0.18257956448911222,0.05527638190954774,0.1273031825795645,0.015811084630285833
25025180500,1283,0.1465315666406859,0.03897116134060795,0.10756040530007795,0.009872928677405924
25009252502,2306,0.18039895923677363,0.08803122289679098,0.09236773633998266,0.008007346332704392
25009206600,1506,0.20451527224435592,0.13147410358565736,0.07304116865869854,0.010393607433107832
25017373900,3874,0.13810015487867836,0.04697986577181208,0.09112028910686629,0.005543010177034325
25025081900,1190,0.17983193277310924,0.14453781512605043,0.03529411764705882,0.011132978065725737
25017351403,2071,0.11974891356832448,0.06953162723322066,0.05021728633510381,0.007134261539901331
25017310500,1626,0.17404674046740468,0.06826568265682657,0.1057810578105781,0.009402653069633834
25025160300,1365,0.14212454212454212,0.02857142857142857,0.11355311355311355,0.009451055977221018
25009262100,1382,0.14182344428364688,0.04703328509406657,0.09479015918958032,0.00938443899879584
25025082000,1687,0.18494368701837582,0.13989330171902786,0.045050385299347954,0.009452703205746208
25023530500,1719,0.193717277486911,0.06340895869691682,0.1303083187899942,0.009532129126460655
33017084100,443,0.3656884875846501,0.20090293453724606,0.16478555304740405,0.02288258466359207
25025020200,2163,0.1169671752196024,0.07073509015256588,0.04623208506703652,0.006910224628106332
25025081100,1817,0.09135938359933957,0.03907539900935608,0.05228398458998349,0.006759198328245364
25025110403,407,0.14987714987714987,0.09336609336609336,0.056511056511056514,0.017693402331060495
25009252603,486,0.1337448559670782,0.053497942386831275,0.08024691358024691,0.015439858729645385
25009252102,1940,0.1324742268041237,0.04587628865979381,0.0865979381443299,0.007696725975413494
33015102100,689,0.13062409288824384,0.030478955007256895,0.10014513788098693,0.01283825013539597
25025000402,1765,0.10651558073654391,0.020963172804532578,0.08555240793201133,0.007343070649972121
25021404301,801,0.10362047440699126,0.039950062421972535,0.06367041198501873,0.010768432601240874
25025140107,604,0.1456953642384106,0.057947019867549666,0.08774834437086093,0.014355250618765317
25025170800,1311,0.14874141876430205,0.07856598016781083,0.07017543859649122,0.009827552339195255
25017352700,2049,0.11810639336261591,0.05710102489019034,0.061005368472425575,0.007129742116642423
33017080203,1187,0.2468407750631845,0.06739679865206402,0.17944397641112048,0.012514874278435523
25017310400,1696,0.20224056603773585,0.12794811320754718,0.07429245283018868,0.009753425846078296
25017310700,1647,0.22343655130540377,0.0989678202792957,0.12446873102610807,0.01026405056342375
25017341101,1098,0.13934426229508196,0.03551912568306011,0.10382513661202186,0.010451006298909953
25017356602,1674,0.11230585424133811,0.03046594982078853,0.08183990442054959,0.007717118140352096
25021416300,1313,0.10814927646610815,0.035034272658035034,0.07311500380807312,0.008570882288500104
25021419600,1267,0.14127861089187055,0.03472770323599053,0.10655090765588003,0.009785342718588452
25025092200,2500,0.1756,0.1176,0.058,0.007609589739269785
25017310602,1841,0.20858229223248234,0.10755024443237371,0.10103204780010863,0.009469230871452204
25023520201,2584,0.16524767801857584,0.04992260061919505,0.1153250773993808,0.007306346188868711
25023511600,2762,0.18464880521361332,0.06806661839246922,0.1165821868211441,0.007383015322991109
25023511302,511,0.15459882583170254,0.06653620352250489,0.08806262230919765,0.01599278389642199
25017339400,1808,0.12168141592920353,0.06471238938053098,0.056969026548672565,0.007688452759387542
25017327102,822,0.18126520681265207,0.0413625304136253,0.13990267639902676,0.013436709875455059
33015103100,978,0.15132924335378323,0.05930470347648262,0.09202453987730061,0.011459393208156166
33015106101,2139,0.17297802711547453,0.026180458158017766,0.14679756895745674,0.008178028159479416
25017301101,541,0.22365988909426987,0.053604436229205174,0.17005545286506468,0.017915190587816758
25017326102,968,0.1652892561983471,0.04132231404958678,0.12396694214876033,0.011938578949715029
25017316202,2026,0.17226061204343535,0.018756169792694965,0.15350444225074036,0.008389191019015616
25009206400,1053,0.21367521367521367,0.1452991452991453,0.06837606837606838,0.012631760147410754
25009260900,3362,0.16924449732302202,0.05324211778703153,0.11600237953599048,0.006466883501928365
25009203301,1904,0.1717436974789916,0.07510504201680672,0.09663865546218488,0.008643493443947605
33015100302,2529,0.19454329774614473,0.03242388295769079,0.16211941478845393,0.00787145146341169
25023506101,790,0.1962025316455696,0.07215189873417721,0.1240506329113924,0.014129021135768251
33015107500,3010,0.292358803986711,0.07807308970099668,0.21428571428571427,0.00829051280465668
33017084200,908,0.3381057268722467,0.17400881057268722,0.16409691629955947,0.015699204654804403
25025160501,1239,0.13478611783696529,0.05649717514124294,0.07828894269572235,0.00970171848832146
33015106400,2293,0.2245965983427824,0.061927605756650676,0.1626689925861317,0.008714920119478647
25017358500,986,0.11460446247464504,0.0486815415821501,0.06592292089249494,0.0101445075845706
25023505102,619,0.19224555735056542,0.08723747980613894,0.1050080775444265,0.015838808549490855
25025060700,620,0.07258064516129033,0.008064516129032258,0.06451612903225806,0.010419638337267447
25017368600,1894,0.12724392819429778,0.017423442449841606,0.10982048574445617,0.007657288076215023
25017328100,251,0.1394422310756972,0.043824701195219126,0.09561752988047809,0.021865041980979508
33017081200,983,0.2685656154628688,0.14852492370295015,0.12004069175991862,0.014136312326745878
25021403100,1145,0.14585152838427948,0.028820960698689956,0.11703056768558952,0.010430843583441676
33015003302,1776,0.19425675675675674,0.048986486486486486,0.14527027027027026,0.009387823638304532
25021419700,2416,0.14652317880794702,0.05504966887417218,0.09147350993377483,0.0071944991656832605
25023544200,921,0.19326818675352878,0.053203040173724216,0.14006514657980457,0.013011128400763856
25017311400,3461,0.1956082057208899,0.07425599537705865,0.12135221034383126,0.006742586875519066
25017367100,390,0.09230769230769231,0.03333333333333333,0.05897435897435897,0.014657367295044767
25017383502,1959,0.16947422154160285,0.0709545686574783,0.09851965288412455,0.00847639456466973
25009251100,1321,0.22785768357305072,0.1445874337623013,0.08327024981074943,0.01154061909874278
25023560100,509,0.2966601178781925,0.0825147347740668,0.21414538310412573,0.020246656438350316
33015057000,909,0.18811881188118812,0.04400440044004401,0.14411441144114412,0.012962250535352734
25009221901,1370,0.2029197080291971,0.09124087591240876,0.11167883211678832,0.010865578816112609
25021405100,952,0.10504201680672269,0.01995798319327731,0.08508403361344538,0.00993720787382577
25017321100,2321,0.17966393795777683,0.05084015510555795,0.12882378285221888,0.00796872406803106
25023505101,954,0.20020964360587,0.06079664570230608,0.13941299790356393,0.012955565983422651
25017322200,1956,0.17842535787321062,0.04243353783231084,0.1359918200408998,0.008656999176081545
25009263100,716,0.14664804469273743,0.04748603351955307,0.09916201117318436,0.013220434268033071
25023541100,418,0.26555023923444976,0.11961722488038277,0.145933014354067,0.021600621871972207
25023545100,1877,0.21417155034629728,0.030367607884922748,0.18380394246137455,0.00946918557336276
25009217202,937,0.22518676627534684,0.13980789754535752,0.08537886872998933,0.013645836131378642
25021417702,1707,0.1200937316930287,0.05506736965436438,0.06502636203866433,0.007867950431716073
25023523202,1516,0.1741424802110818,0.06662269129287599,0.10751978891820581,0.009739918568363263
25017326101,1260,0.15714285714285714,0.02857142857142857,0.12857142857142856,0.010252718555158871
25021417400,517,0.11992263056092843,0.029013539651837523,0.09090909090909091,0.014287812043787483
25021409101,1301,0.18831667947732514,0.04073789392774789,0.14757878554957723,0.0108392455905164
25009261101,554,0.14620938628158844,0.11010830324909747,0.036101083032490974,0.015010958791339355
25017370201,556,0.1618705035971223,0.044964028776978415,0.11690647482014388,0.015620755173756698
25021416101,1693,0.11695215593620792,0.03071470761961016,0.08623744831659776,0.007810300692276127
25021417902,997,0.15747241725175526,0.06018054162487462,0.09729187562688064,0.011535773805363464
25021408102,1082,0.19408502772643252,0.08410351201478743,0.1099815157116451,0.012023391778157873
25025060400,1327,0.07234363225320271,0.012057272042200452,0.06028636021100226,0.007111451601299893
25017382200,2597,0.13631112822487484,0.036965729688101655,0.0993453985367732,0.006732995796938599
25009260600,1003,0.1744765702891326,0.023928215353938187,0.15054835493519442,0.011983475524751448
25017356400,1421,0.10415200562983815,0.023926812104152005,0.08022519352568613,0.008103151199490342
25009254403,819,0.14774114774114774,0.01221001221001221,0.13553113553113552,0.01239922508337617
25017337201,1538,0.11898569570871262,0.05201560468140442,0.06697009102730819,0.008255829005332938
33015003400,2703,0.2001479837217906,0.03699593044765076,0.16315205327413984,0.007695864434052071
33015056000,262,0.1946564885496183,0.05343511450381679,0.14122137404580154,0.024461009636240264
25017342500,4085,0.14369645042839657,0.08078335373317014,0.06291309669522643,0.005488338155297778
33017088000,440,0.325,0.18181818181818182,0.1431818181818182,0.022328894855199292
25017388300,2288,0.1840034965034965,0.08522727272727272,0.09877622377622378,0.008100823626918049
25023510600,2164,0.17652495378927913,0.08133086876155268,0.09519408502772643,0.008195956536518988
25023542200,1210,0.17768595041322313,0.04049586776859504,0.1371900826446281,0.010988861883141236
25021456302,2354,0.1469838572642311,0.024214103653355988,0.12276975361087511,0.0072981068228646535
25009265102,822,0.13260340632603407,0.004866180048661801,0.12773722627737227,0.011829061441830742
25021412200,1003,0.1156530408773679,0.02991026919242273,0.08574277168494517,0.010098093904873871
25017334300,1752,0.16210045662100456,0.030251141552511414,0.13184931506849315,0.008804831416305394
25017335301,2163,0.1368469717984281,0.04669440591770689,0.09015256588072122,0.0073898093702059395
25025030100,761,0.09329829172141918,0.024967148488830485,0.0683311432325887,0.01054330413737048
25009205900,868,0.16129032258064516,0.1152073732718894,0.04608294930875576,0.012483895359376697
25017357400,1105,0.10135746606334842,0.03257918552036199,0.06877828054298643,0.009079046042766041
25021442101,950,0.20105263157894737,0.061052631578947365,0.14,0.01300325752361297
25017352500,990,0.08888888888888889,0.03939393939393939,0.049494949494949494,0.009044650984716938
25025070600,1628,0.10196560196560196,0.02764127764127764,0.07432432432432433,0.007499738651523221
25017314302,884,0.18099547511312217,0.013574660633484163,0.167420814479638,0.012949436696185916
25017311300,968,0.20867768595041322,0.12913223140495866,0.07954545454545454,0.013061018168422457
33015104102,1351,0.17986676535899335,0.049592894152479645,0.13027387120651368,0.01044936726073549
25017327101,310,0.2838709677419355,0.07096774193548387,0.2129032258064516,0.02560797767677427
25009252201,509,0.24950884086444008,0.11984282907662082,0.12966601178781925,0.01918036504171506
25009221800,348,0.28448275862068967,0.1839080459770115,0.10057471264367816,0.024185128817999977
25021404201,1588,0.11397984886649874,0.0371536523929471,0.07682619647355164,0.007974630860074428
25017350800,1079,0.11677479147358666,0.06950880444856349,0.047265987025023166,0.009776863591018054
33015065007,1008,0.17857142857142858,0.037698412698412696,0.14087301587301587,0.012063147074074071
25025030200,1276,0.09012539184952978,0.0219435736677116,0.06818181818181818,0.00801657792483793
25025070800,2144,0.12126865671641791,0.06996268656716417,0.051305970149253734,0.007050013549745285
25021422501,1414,0.1669024045261669,0.07496463932107496,0.09193776520509193,0.009916411321662157
25017336200,1982,0.14783047426841575,0.06609485368314834,0.08173562058526741,0.007972474883934738
25025981501,1189,0.11017661900756939,0.022708158116063918,0.08746846089150546,0.009080415048499225
25009216100,1188,0.16582491582491582,0.0707070707070707,0.09511784511784512,0.010790592186147944
25017357300,967,0.10031023784901758,0.038262668045501554,0.06204756980351603,0.009660637413464351
25021419200,1585,0.14574132492113565,0.04100946372239748,0.10473186119873817,0.00886280965809168
25021419300,494,0.12348178137651822,0.018218623481781375,0.10526315789473684,0.014801933280326007
25023542102,647,0.1901081916537867,0.04482225656877898,0.14528593508500773,0.015426300186181357
25017312000,1001,0.1888111888111888,0.0989010989010989,0.0899100899100899,0.012369661081679594
25009253203,1580,0.12151898734177215,0.04493670886075949,0.07658227848101266,0.008219770972863576
25021413300,387,0.15762273901808785,0.07751937984496124,0.08010335917312661,0.018522826978704054
25009252202,840,0.175,0.01904761904761905,0.15595238095238095,0.013110110602126893
25009208101,1763,0.1514463981849121,0.05161656267725468,0.09982983550765741,0.00853774066660185
25021411100,3176,0.1580604534005038,0.033690176322418136,0.12437027707808564,0.006473092593982256
25009204400,1920,0.16197916666666667,0.071875,0.09010416666666667,0.00840826466665384
25017332300,2656,0.12123493975903614,0.0286144578313253,0.09262048192771084,0.0063333903448935065
33017081100,986,0.28904665314401623,0.15415821501014199,0.13488843813387424,0.014436637997949269
25023501201,287,0.1916376306620209,0.11149825783972125,0.08013937282229965,0.023232850194074464
25025120600,1073,0.10624417520969245,0.06430568499534017,0.04193849021435228,0.00940723831699578
25017321300,2108,0.1698292220113852,0.04601518026565465,0.12381404174573055,0.008178141637700854
25021422800,1283,0.1636788776305534,0.06936866718628215,0.09431021044427124,0.010329267480233996
25023530902,768,0.22265625,0.10416666666666667,0.11848958333333333,0.01501216712855782
33015065005,420,0.2119047619047619,0.12857142857142856,0.08333333333333333,0.019940455037725267
25017364101,1554,0.12676962676962678,0.02702702702702703,0.09974259974259975,0.008440079068563353
33015003802,148,0.25675675675675674,0.16891891891891891,0.08783783783783784,0.03590835977126906
33015062500,497,0.13480885311871227,0.05432595573440644,0.08048289738430583,0.015319233859278704
25017382601,1062,0.1751412429378531,0.08851224105461393,0.08662900188323917,0.011663308150971446
25025170601,3431,0.17487612940833577,0.09355872923345963,0.08131740017487613,0.006485067230927652
25023524102,2274,0.1917326297273527,0.07783641160949868,0.113896218117854,0.00825525147817921
25021418003,2586,0.1368909512761021,0.04369682907965971,0.09319412219644238,0.0067593657271079795
25017357600,961,0.11238293444328824,0.029136316337148804,0.08324661810613944,0.010188290318505646
25017382300,1271,0.14476789929189615,0.07631785995279308,0.06845003933910307,0.009869731945471383
33017081300,1646,0.28311057108140947,0.12879708383961117,0.1543134872417983,0.011104249611340902
33015060000,1138,0.18189806678383127,0.0632688927943761,0.11862917398945519,0.01143527518371816
25017366201,311,0.15434083601286175,0.08038585209003216,0.07395498392282958,0.020486034954098734
25017318300,587,0.151618398637138,0.05110732538330494,0.10051107325383304,0.014803094882901246
25021419500,1125,0.14577777777777778,0.08355555555555555,0.06222222222222222,0.010520947033163069
25009204600,2158,0.1835032437442076,0.08387395736793327,0.09962928637627433,0.008332462819889358
25017357500,522,0.08620689655172414,0.03065134099616858,0.05555555555555555,0.012284562434696751
25023540101,1392,0.16522988505747127,0.022270114942528736,0.14295977011494254,0.009954240495245646
25021443102,1315,0.155893536121673,0.022053231939163497,0.1338403041825095,0.010003449652795298
25017339200,1355,0.10848708487084871,0.05166051660516605,0.05682656826568266,0.008448569707421583
25023530400,775,0.21806451612903227,0.1032258064516129,0.11483870967741935,0.014832935582005567
33015003902,299,0.23745819397993312,0.11371237458193979,0.12374581939799331,0.024608764793353343
25023545200,1580,0.2221518987341772,0.03860759493670886,0.18354430379746836,0.010457885179117514
25017363103,862,0.16125290023201855,0.058004640371229696,0.10324825986078887,0.012526093526080194
25021442103,288,0.2569444444444444,0.1527777777777778,0.10416666666666667,0.025747437636371124
25017318100,998,0.1402805611222445,0.03707414829659319,0.10320641282565131,0.010992889179761147
25017388100,1124,0.15302491103202848,0.03291814946619217,0.1201067615658363,0.010738243079970983
25023511400,1177,0.19626168224299065,0.12234494477485132,0.07391673746813934,0.011576755573384888
25025981600,340,0.1323529411764706,0.07647058823529412,0.05588235294117647,0.018378027172687075
25009264100,1561,0.15887251761691223,0.026905829596412557,0.13196668802049968,0.009252388259756161
25021400600,1579,0.1279290690310323,0.04053198226725776,0.08739708676377454,0.008405614333839611
25017320103,599,0.15692821368948248,0.04674457429048414,0.11018363939899833,0.014861730522375825
25025030500,1574,0.1397712833545108,0.017789072426937738,0.12198221092757307,0.008740043226057693
25009252501,1583,0.21099178774478838,0.11244472520530638,0.09854706253948199,0.010254938974598506
25017335200,1269,0.1599684791174153,0.04334121355397951,0.11662726556343578,0.010290445766779007
25021417801,1348,0.13204747774480713,0.04599406528189911,0.08605341246290801,0.009220789203513945
25025010408,291,0.09621993127147767,0.03436426116838488,0.061855670103092786,0.017286911412316672
25009250200,846,0.21040189125295508,0.12647754137115838,0.08392434988179669,0.014013373189363342
25023530700,1114,0.1947935368043088,0.08617594254937164,0.10861759425493717,0.011865834923901149
25025040300,811,0.1282367447595561,0.0012330456226880395,0.12700369913686807,0.011740729850680878
25017352800,1109,0.11992786293958521,0.061316501352569885,0.058611361587015326,0.009755587085261181
25017365201,2051,0.1355436372501219,0.04144319843978547,0.09410043881033642,0.00755837221669642
25017384002,1121,0.18198037466547726,0.04727921498661909,0.13470115967885815,0.011523683788105754
25009260301,2414,0.17149958574979288,0.07580778790389395,0.09569179784589893,0.007672011934560846
33017087000,777,0.28185328185328185,0.12612612612612611,0.15572715572715573,0.016140152308859238
25025180400,938,0.1513859275053305,0.039445628997867806,0.11194029850746269,0.01170297961342678
25009260700,915,0.1814207650273224,0.09180327868852459,0.08961748633879782,0.012739820582081689
25025050500,764,0.14528795811518325,0.03534031413612566,0.1099476439790576,0.012749056393678463
33017084400,1226,0.3189233278955954,0.12479608482871125,0.19412724306688417,0.01331054724190373
25023530802,686,0.19387755102040816,0.08017492711370262,0.11370262390670553,0.015093925864532067
25025110501,677,0.11964549483013294,0.03840472673559823,0.08124076809453472,0.012473336430522067
25009208102,1903,0.15133998949027852,0.03205465055176038,0.11928533893851813,0.008215316977331103
25009221400,1568,0.2308673469387755,0.07716836734693877,0.15369897959183673,0.01064164707455233
25025020302,1251,0.1510791366906475,0.03597122302158273,0.11510791366906475,0.010125283592260809
25017338400,848,0.1509433962264151,0.04834905660377359,0.10259433962264151,0.012293554040464227
25009268100,167,0.20359281437125748,0.023952095808383235,0.17964071856287425,0.03115950660940583
25017353500,770,0.07792207792207792,0.016883116883116882,0.06103896103896104,0.00965981283559262
25025040200,479,0.09394572025052192,0.014613778705636743,0.07933194154488518,0.013330543350011652
33015064000,925,0.18162162162162163,0.10054054054054054,0.08108108108108109,0.012676226234459279
33017082000,688,0.3372093023255814,0.2558139534883721,0.08139534883720931,0.018023691964226738
25017301102,743,0.2032301480484522,0.02826379542395693,0.17496635262449528,0.01476271060674454
33015050000,586,0.1962457337883959,0.04607508532423208,0.15017064846416384,0.01640638692737269
25009217600,2162,0.16466234967622573,0.0513413506012951,0.11332099907493062,0.007976279016832457
25009205600,1118,0.16279069767441862,0.06440071556350627,0.09838998211091235,0.01104106363752372
33015055001,351,0.15669515669515668,0.039886039886039885,0.1168091168091168,0.019402894647282724
25017385201,759,0.17654808959156784,0.06324110671936758,0.11330698287220026,0.013839797765070277
25023510800,1335,0.1940074906367041,0.09363295880149813,0.10037453183520599,0.010822662594210808
25023545400,920,0.20978260869565218,0.0641304347826087,0.14565217391304347,0.01342344905560298
25023525204,471,0.16348195329087048,0.06157112526539278,0.10191082802547771,0.01703970661005761
25017365100,796,0.157035175879397,0.011306532663316583,0.1457286432160804,0.012895751774871457
25017317201,26,0.3076923076923077,0.3076923076923077,0.0,0.09051513929454648
25025981800,301,0.1362126245847176,0.019933554817275746,0.11627906976744186,0.019771010145016706
25009254301,1150,0.1591304347826087,0.009565217391304347,0.14956521739130435,0.010786784970851929
25023530901,479,0.2567849686847599,0.14822546972860126,0.10855949895615867,0.019960631845690135
25025061000,788,0.09644670050761421,0.024111675126903553,0.07233502538071065,0.01051616681849075
25017311100,1738,0.21634062140391255,0.10817031070195628,0.10817031070195628,0.009876608022912103
25017322100,796,0.1771356783919598,0.05402010050251256,0.12311557788944724,0.013531956864163917
25021417100,1276,0.12774294670846395,0.06426332288401254,0.06347962382445141,0.009344700200936258
25009209200,1043,0.11025886864813039,0.040268456375838924,0.06999041227229147,0.009698318568749127
33015003801,394,0.29441624365482233,0.09390862944162437,0.20050761421319796,0.022961859743070093
25023506204,983,0.19735503560528994,0.08240081383519837,0.11495422177009156,0.012694309709853836
33015004000,529,0.1776937618147448,0.035916824196597356,0.14177693761814744,0.016619771450756108
25021441203,1296,0.16280864197530864,0.033950617283950615,0.12885802469135801,0.010255305314505393
25009220101,1290,0.18914728682170542,0.07751937984496124,0.11162790697674418,0.010903757645083079
33015053000,315,0.15873015873015872,0.050793650793650794,0.10793650793650794,0.020589324976381308
25023522101,937,0.12913553895410887,0.06937033084311633,0.05976520811099253,0.010955403511385084
25025000503,548,0.12408759124087591,0.029197080291970802,0.0948905109489051,0.014083293730549559
25021412100,1794,0.1343366778149387,0.030100334448160536,0.10423634336677814,0.008051199555008747
25021402200,877,0.1322690992018244,0.019384264538198404,0.11288483466362599,0.011439892223767022
33017084500,1019,0.32482826300294404,0.15309126594700687,0.1717369970559372,0.014670568380331974
25021414200,264,0.16287878787878787,0.056818181818181816,0.10606060606060606,0.02272607702701004
25017317202,313,0.20766773162939298,0.134185303514377,0.07348242811501597,0.022927991519310405
25017386100,949,0.14541622760800843,0.06533192834562697,0.08008429926238145,0.011443283347841778
25021420201,366,0.10109289617486339,0.0273224043715847,0.07377049180327869,0.015757132353131486
25009254302,393,0.1272264631043257,0.030534351145038167,0.09669211195928754,0.016809052616018085
33015052000,414,0.1473429951690821,0.0966183574879227,0.050724637681159424,0.017420144715040723
33015062000,298,0.17114093959731544,0.10738255033557047,0.06375838926174497,0.021817710187422526
25023500101,720,0.18333333333333332,0.027777777777777776,0.15555555555555556,0.014420385947130455
25025110601,453,0.09933774834437085,0.04856512141280353,0.05077262693156733,0.014053646828469137
25025060200,424,0.07547169811320754,0.018867924528301886,0.05660377358490566,0.012828303842454432
33017080100,164,0.4878048780487805,0.47560975609756095,0.012195121951219513,0.03903182558554253
25009201100,1502,0.1577896138482024,0.0659121171770972,0.09187749667110519,0.009406207104731194
25023540102,71,0.29577464788732394,0.23943661971830985,0.056338028169014086,0.05416355065056951
25025981000,162,0.1111111111111111,0.012345679012345678,0.09876543209876543,0.024691358024691357
33017088500,217,0.30414746543778803,0.2304147465437788,0.07373271889400922,0.031229917765182812
25017311500,628,0.2197452229299363,0.12579617834394904,0.09394904458598727,0.016523350584469097
25017387202,325,0.18153846153846154,0.08923076923076922,0.09230769230769231,0.021381677887726505
33015003301,245,0.2571428571428571,0.1836734693877551,0.07346938775510205,0.02792266347181562
33017086000,140,0.36428571428571427,0.29285714285714287,0.07142857142857142,0.04067129846649154
25023525300,108,0.14814814814814814,0.037037037037037035,0.1111111111111111,0.034183637295959156
25017360100,310,0.2,0.0,0.2,0.022718473369882596
25017300100,91,0.3076923076923077,0.07692307692307693,0.23076923076923078,0.048382377079473154
25025980101,117,0.08547008547008547,0.03418803418803419,0.05128205128205128,0.025847175771892213
