,n,err,over rate,under rate,se,min,median,max
1,7033,0.5332006256220674,0.074363713920091,0.4588369117019764,0.005948947676082385,0.0059534516,0.37884957,0.6161859
2,17161,0.4063865742089622,0.10617096905774721,0.300215605151215,0.0037493003951771845,0.61626774,0.838629,1.0443164
3,23066,0.36326194398682043,0.1304083933061649,0.2328535506806555,0.003166680232849309,1.0443516,1.2388269,1.4261367
4,23659,0.3378841033010694,0.13563548755230567,0.20224861574876368,0.0030750536353373195,1.4261482,1.6153364,1.7940687
5,23636,0.3223895752242342,0.13987138263665594,0.18251819258757826,0.003040139721560633,1.794074,1.969248,2.147476
6,23299,0.3113867547963432,0.14455556032447744,0.16683119447186576,0.00303367542151486,2.147483,2.3219428,2.492942
7,23615,0.28973110311242856,0.13516832521702307,0.15456277789540546,0.002951990690483384,2.4929721,2.6647801,2.8376596
8,23686,0.2752680908553576,0.12526386895212363,0.15000422190323398,0.0029021560743297072,2.8376627,3.009576,3.1819744
9,23341,0.267426417034403,0.12325950044985219,0.1441669165845508,0.002897130447599423,3.1819913,3.3540208,3.526616
10,23518,0.25291266264138107,0.11761204184029254,0.13530062080108854,0.0028344629306668967,3.5266538,3.69939,3.8733718
11,23590,0.2393810936837643,0.11220856295040271,0.1271725307333616,0.0027782064234590747,3.8733866,4.0477066,4.2219
12,23795,0.22744274007144358,0.10825803740281571,0.11918470266862786,0.0027174309900259023,4.2219086,4.398753,4.5810437
13,23502,0.22274700025529742,0.10539528550761637,0.11735171474768105,0.0027141554922804683,4.5810566,4.7681074,4.953304
14,23668,0.20817137062700694,0.09962818996112895,0.10854318066587798,0.0026390360361048006,4.953393,5.1434956,5.339863
15,23692,0.203866283977714,0.09729022454837076,0.10657605942934324,0.0026173683692336342,5.339871,5.5347614,5.7329283
16,23609,0.1969164301749333,0.08903384302596468,0.10788258714896862,0.0025881089304902604,5.732933,5.9349275,6.1409945
17,23609,0.18929221906899912,0.0897539074081918,0.09953831166080732,0.0025495278230159863,6.1410427,6.3533196,6.5684614
18,23610,0.17551884794578568,0.07873782295637442,0.09678102498941127,0.002475735546381968,6.5684953,6.788117,7.0118656
19,23666,0.1667370911856672,0.07500211273557002,0.09173497845009719,0.002422951413523359,7.0119,7.2403417,7.475437
20,23650,0.16215644820295982,0.07158562367864693,0.09057082452431289,0.00239680667144025,7.4754634,7.7215815,7.9680033
21,23539,0.15501932962317855,0.06716513020943965,0.0878541994137389,0.0023589694137730976,7.9680285,8.222923,8.4752655
22,23598,0.14865666581913722,0.06305619120264429,0.08560047461649292,0.0023158315459193305,8.475283,8.738372,9.00418
23,23566,0.14419078333191887,0.05749809046932021,0.08669269286259866,0.0022883070235327216,9.004203,9.274179,9.549792
24,23853,0.13637697564247683,0.052739697312706994,0.08363727832976985,0.0022220873630599894,9.549839,9.83141,10.116888
25,23508,0.1302109920027225,0.05296069423175089,0.07725029777097159,0.002194941451461545,10.116926,10.411603,10.715067
26,23613,0.1297590310422225,0.04937957904544107,0.08037945199678144,0.002186819691408656,10.715163,11.028225,11.3463335
27,23385,0.12426769296557623,0.04323284156510584,0.08103485140047038,0.002157228337692744,11.3464985,11.6682625,12.004354
28,23720,0.12318718381112985,0.04131534569983136,0.08187183811129849,0.0021339235960596385,12.004419,12.342739,12.688677
29,23251,0.11427465485355469,0.0384499591415423,0.07582469571201239,0.0020864293202919834,12.688729,13.037502,13.396445
30,23506,0.11329022377265378,0.037011826767633794,0.07627839700502,0.002067271892191297,13.396467,13.761793,14.137753
31,23259,0.10438969861129026,0.033664387978846896,0.07072531063244336,0.002004900585290921,14.137817,14.51866,14.911538
32,23741,0.10441851649045954,0.03222273703719304,0.0721957794532665,0.001984686009491016,14.911559,15.305621,15.717464
33,23412,0.09841107124551512,0.02857508969759098,0.06983598154792414,0.0019467357616416746,15.717502,16.14293,16.581598
34,23605,0.0940478712137259,0.025206524041516628,0.06884134717220927,0.001899875347184586,16.581648,17.045103,17.51241
35,23714,0.09121194231255798,0.0242472800877119,0.06696466222484608,0.0018696260470240865,17.512426,17.999773,18.495674
36,23496,0.09193054136874361,0.020854613551242764,0.07107592781750086,0.0018849180646658443,18.4958,19.002184,19.543207
37,23296,0.08314732142857142,0.016354739010989012,0.06679258241758242,0.0018089777775253102,19.543335,20.0986,20.683582
38,23619,0.07904653033574664,0.01405647995258055,0.06499005038316609,0.0017556158659526662,20.683647,21.294186,21.918413
39,23460,0.07809036658141517,0.013384484228473999,0.06470588235294118,0.0017517773367457506,21.918468,22.564518,23.24257
40,23551,0.07366990785953888,0.010827565708462486,0.06284234215107638,0.0017022497275928866,23.242682,23.946974,24.684483
41,23455,0.07090172671072266,0.010061820507354508,0.060839906203368155,0.0016758745809806817,24.68457,25.467138,26.266562
42,23879,0.06591565810963608,0.006574814690732443,0.05934084341890364,0.0016057549685546833,26.266579,27.133419,28.048624
43,23611,0.06772267163610182,0.006310617932319682,0.06141205370378214,0.0016352434270511182,28.048628,29.007118,30.046637
44,23559,0.06668364531601512,0.005602954284986629,0.061080691031028485,0.00162534544468767,30.046663,31.156065,32.33168
45,23334,0.06784091883089055,0.003985600411416817,0.06385531841947373,0.0016462518701530684,32.331814,33.606174,35.027054
46,23408,0.06578947368421052,0.001751537935748462,0.06403793574846206,0.0016203858044785667,35.02736,36.51767,38.08931
47,23593,0.07086847793837155,0.0012715635993726952,0.06959691433899885,0.0016706041889084301,38.08931,39.887646,42.01592
48,23736,0.07718233906302663,0.0006740815638692282,0.07650825749915739,0.0017322602911233266,42.015938,44.662865,47.985233
49,23788,0.08546325878594249,0.0002942660164788969,0.08516899276946359,0.0018126390773500391,47.98559,52.343468,58.35162
50,23574,0.1277678798676508,4.241961482989734e-05,0.12772546025282092,0.0021742538230433437,58.351875,69.482056,175.97984
