,Coef.,Std.Err.,t,P>|t|,[0.025,0.975]
const,2.45851094672088,0.018991499480074777,129.4532298147529,0.0,2.4212882787251147,2.495733614716645
emb_w-l2_0,-0.20658735878850906,0.016815044074299748,-12.285864840774273,1.0806489534754987e-34,-0.2395442510849014,-0.17363046649211672
emb_w-l2_1,-0.05283599010353425,0.02080042204627321,-2.5401402907111117,0.011080844416085487,-0.09360408241833713,-0.012067897788731366
emb_w-l2_2,-0.17955312021938352,0.020543898318829055,-8.739973175140674,2.332665220790716e-18,-0.21981843509158858,-0.13928780534717847
emb_w-l2_3,-0.12967070580717321,0.01623303204561086,-7.988076746403886,1.3710164448502304e-15,-0.1614868750902955,-0.09785453652405093
emb_w-l2_4,-0.12686922491317384,0.024369876325380194,-5.205985587257368,1.929805946586866e-07,-0.17463332150329258,-0.07910512832305511
emb_w-l2_5,-0.15261660448576095,0.01869442273385243,-8.163750582648277,3.2488637762609823e-16,-0.18925701255489416,-0.11597619641662774
emb_w-l2_6,-0.11277067843580033,0.019644984876386166,-5.740430911268041,9.444378540405473e-09,-0.15127415472016312,-0.07426720215143753
emb_w-l2_7,-0.16059295277722596,0.019513634958350845,-8.22978154095787,1.8761908391219594e-16,-0.19883898786293938,-0.12234691769151254
emb_w-l2_8,-0.0009438487140185892,0.01819206453920028,-0.05188244093927784,0.9586223685218773,-0.03659965247035875,0.034711955042321566
emb_w-l2_9,-0.24856857675582092,0.018535471280741917,-13.4104265810646,5.265986354335581e-41,-0.28489744559274216,-0.21223970791889968
emb_w-l2_10,-0.04247701908452075,0.01737751160540401,-2.444367182658728,0.014510699323944888,-0.07653632786944038,-0.008417710299601117
emb_w-l2_11,-0.1258655050096572,0.023209309633254176,-5.423061133594331,5.859084568946809e-08,-0.1713549318869777,-0.08037607813233673
emb_w-l2_12,-0.1317937585128694,0.01680126207669361,-7.844277287697999,4.355767736496639e-15,-0.16472363858088296,-0.09886387844485583
emb_w-l2_13,-0.08641169454563533,0.01749909450077475,-4.938066626350841,7.890454667957767e-07,-0.12070930150985865,-0.052114087581412
emb_w-l2_14,-0.23089589122455212,0.021332105750339624,-10.823867738461594,2.6560564549074704e-27,-0.2727060648145058,-0.18908571763459842
emb_w-l2_15,-0.13445456733170577,0.019828718663570916,-6.78079958735428,1.195315869625484e-11,-0.17331815534748599,-0.09559097931592556
emb_w-l2_16,-0.19513308773858817,0.02086198320036015,-9.353525303156198,8.482190927044531e-21,-0.23602183774039562,-0.15424433773678073
emb_w-l2_17,-0.12165693506436547,0.017630669294266668,-6.900301573005353,5.190110053242949e-12,-0.15621242397518809,-0.08710144615354284
emb_w-l2_18,-0.2846255767072529,0.020823305785991588,-13.668606686779214,1.567589497141263e-42,-0.3254385203434026,-0.24381263307110324
emb_w-l2_19,-0.14772567084313815,0.021295747929470435,-6.936862294406941,4.009740041013587e-12,-0.18946458438873975,-0.10598675729753654
emb_w-l2_20,-0.18927010729225746,0.016543426168707718,-11.440804665376168,2.6177761511084984e-30,-0.2216946380901718,-0.15684557649434314
emb_w-l2_21,-0.11677287518184284,0.01755775971742969,-6.650784442956109,2.915779923596826e-11,-0.15118546389801985,-0.08236028646566584
emb_w-l2_22,-0.20807461411844674,0.019052887024335635,-10.920896862122774,9.16825252267843e-28,-0.24541759953209102,-0.17073162870480246
emb_w-l2_23,-0.12055138735781232,0.01894305087865755,-6.363884472993377,1.9673854022818113e-10,-0.15767909780652822,-0.0834236769090964
emb_w-l2_24,-0.2266147467198127,0.02026481321700371,-11.182671376890156,4.96317112599753e-29,-0.26633306465274453,-0.1868964287868808
emb_w-l2_25,0.028471607053527935,0.017874467007492324,1.5928646734805394,0.11119064397753069,-0.006561716761644715,0.06350493086870058
emb_w-l2_26,-0.011807460678486795,0.015192205065855861,-0.7772051935386126,0.4370377716514874,-0.041583645854556206,0.01796872449758262
emb_w-l2_27,-0.1243763066322783,0.0228177907488208,-5.450847893269682,5.0133638841283375e-08,-0.16909837032879121,-0.07965424293576541
emb_w-l2_28,-0.20017402321762018,0.02212436784764442,-9.047671987560662,1.4612107824733334e-19,-0.2435370025270246,-0.15681104390821576
emb_w-l2_29,-0.2250202539591282,0.02358669785773832,-9.540133821034367,1.4273526832247501e-21,-0.2712493484230035,-0.17879115949525287
emb_w-l2_30,-0.28286136653298716,0.020304075085019226,-13.931260860125967,4.101942452231016e-44,-0.3226566363400756,-0.2430660967258987
emb_w-l2_31,-0.10023398938022557,0.0162773094357416,-6.1578966582850905,7.372547840716892e-10,-0.13213694078364774,-0.0683310379768034
emb_w-l2_32,-0.17252538335691187,0.020731378176257222,-8.32194472987319,8.656247006743139e-17,-0.2131581521258597,-0.13189261458796403
emb_w-l2_33,-0.12523454945821344,0.014792898691921942,-8.465855953343418,2.543751453570306e-17,-0.15422810824919256,-0.09624099066723432
emb_w-l2_34,-0.18713173031127567,0.021780346596966264,-8.59177008401422,8.567420817371351e-18,-0.22982044012390254,-0.1444430204986488
emb_w-l2_35,-0.13133310223578518,0.012795111785472843,-10.264318470816061,1.0212221621849479e-24,-0.1564110692735665,-0.10625513519800386
emb_w-l2_36,-0.10286053044144028,0.026582757493519456,-3.869445465411795,0.00010908517165525905,-0.1549617959382137,-0.05075926494466688
emb_w-l2_37,-0.17476215360653258,0.021318403678813443,-8.197712935711687,2.45085773624354e-16,-0.21654547162040036,-0.1329788355926648
emb_w-l2_38,-0.30690077582331654,0.018153233962599945,-16.90612132557793,4.079506265891588e-64,-0.342480473021436,-0.27132107862519705
emb_w-l2_39,-0.15671143016713956,0.014844217513201695,-10.557069109757276,4.715730709006406e-26,-0.18580557203469114,-0.127617288299588
emb_w-l2_40,-0.11409369551929072,0.01637414847200502,-6.967916268400606,3.2172651276718258e-12,-0.14618644801238698,-0.08200094302619446
emb_w-l2_41,-0.09331990922313316,0.015078355535915564,-6.188997798921229,6.055466950676425e-10,-0.12287295334291642,-0.06376686510334989
emb_w-l2_42,-0.12078862855776185,0.023154936395514945,-5.216538991709704,1.823076608507647e-07,-0.1661714858101643,-0.07540577130535939
emb_w-l2_43,-0.06312164722208319,0.011347752985121095,-5.562479841149767,2.659873078173062e-08,-0.08536284214754312,-0.04088045229662325
emb_w-l2_44,-0.18109245459652257,0.019736948635600736,-9.175301508860143,4.5054826031287305e-20,-0.21977617659979123,-0.1424087325932539
emb_w-l2_45,-0.05352360314485814,0.019555292672928448,-2.737039227183444,0.006199521611217975,-0.09185128587934259,-0.015195920410373695
emb_w-l2_46,-0.17991600370968253,0.018705253989259107,-9.61847424327911,6.68570075108206e-22,-0.21657764065673574,-0.14325436676262931
emb_w-l2_47,-0.198530129756679,0.02099509245124535,-9.456025507756358,3.2005958313649793e-21,-0.23967976918736295,-0.15738049032599505
emb_w-l2_48,-0.0026482808147310294,0.017906425964563984,-0.14789555548225305,0.8824252044513159,-0.03774424305662809,0.03244768142716603
emb_w-l2_49,-0.20162521708088751,0.01932456713399675,-10.433621394094686,1.7427449279596201e-25,-0.2395006859107875,-0.16374974825098754
emb_w-l2_50,-0.14830588429678937,0.016620720499179235,-8.92295158348358,4.542361550248018e-19,-0.18088190925155606,-0.11572985934202266
emb_w-l2_51,-0.15672856898938783,0.018241213873727194,-8.592003255612493,8.550048394751254e-18,-0.19248070370491463,-0.12097643427386104
emb_w-l2_52,-0.2133975416264392,0.01522270663660726,-14.018370498795862,1.206854462962899e-44,-0.24323350880353595,-0.18356157444934246
emb_w-l2_53,-0.14620212642370273,0.016554035018476448,-8.831812078476469,1.030397510798414e-18,-0.17864745019234446,-0.11375680265506101
emb_w-l2_54,-0.20827538772246726,0.02256099424645174,-9.231658208291224,2.666171062111757e-20,-0.25249413934716686,-0.16405663609776766
emb_w-l2_55,-0.21303182083211056,0.01974025751161439,-10.791744773682462,3.7694640362101376e-27,-0.2517220281154607,-0.17434161354876043
emb_w-l2_56,-0.23118148911230982,0.02370059371907629,-9.754248853531248,1.7702340564272517e-22,-0.2776338154403738,-0.18472916278424584
emb_w-l2_57,-0.1852380280527261,0.017063407108995832,-10.855864064514323,1.872201410700775e-27,-0.218681703122254,-0.1517943529831982
emb_w-l2_58,-0.23140734543166458,0.018589661967759383,-12.448173927691712,1.4333267440079207e-35,-0.2678424261005388,-0.19497226476279034
emb_w-l2_59,-0.15855321269250985,0.011398057637149713,-13.91054666856018,5.480945952061465e-44,-0.18089300295864147,-0.13621342242637824
emb_w-l2_60,-0.17412365392662216,0.01907487128946805,-9.128431394594118,6.953459850452986e-20,-0.21150972772320392,-0.1367375801300404
emb_w-l2_61,-0.17173285436394747,0.018424599758539915,-9.320845859044956,1.1548077114794141e-20,-0.20784441893453418,-0.13562128979336077
emb_w-l2_62,-0.1976591990705096,0.021203889487792144,-9.321836882063984,1.1440703852033383e-20,-0.23921807331585548,-0.15610032482516373
emb_w-l2_63,-0.14156987949354793,0.018119564026791855,-7.8130952424804825,5.581589053826687e-15,-0.17708358480706987,-0.106056174180026
emb_w-l2_64,-0.1287387905070987,0.01823011522772131,-7.061874754984229,1.6430167198873496e-12,-0.16446917226857816,-0.0930084087456192
emb_w-l2_65,-0.09792748382487902,0.0159580523713147,-6.136556112631136,8.433866825121608e-10,-0.12920470266163722,-0.06665026498812082
emb_w-l2_66,-0.13599812743945933,0.020502578598818374,-6.633220635344732,3.284882394230317e-11,-0.1761824571203029,-0.09581379775861576
emb_w-l2_67,-0.19010053086749962,0.0200909724304178,-9.461987543205563,3.0232323947031028e-21,-0.22947812700066003,-0.1507229347343392
emb_w-l2_68,-0.26642070755180514,0.023748980869849192,-11.218195383282438,3.323611932706186e-29,-0.31296787098582646,-0.21987354411778381
emb_w-l2_69,-0.21081476195845836,0.02051892633769068,-10.274161449238122,9.221772639806763e-25,-0.25103113262991267,-0.17059839128700405
emb_w-l2_70,-0.24312834841492656,0.020084981736547842,-12.104982299909967,9.954700140879533e-34,-0.28249420299975797,-0.20376249383009515
emb_w-l2_71,-0.2019908565145913,0.018278597468796898,-11.050675898925324,2.178086270356023e-28,-0.23781626175566178,-0.16616545127352084
emb_w-l2_72,-0.085692205710923,0.015715091552817705,-5.452860737267448,4.956925780420712e-08,-0.11649322992743115,-0.05489118149441484
emb_w-l2_73,-0.08312612019052514,0.02020277313398323,-4.114589598132847,3.878778309342273e-05,-0.12272284175266365,-0.04352939862838662
emb_w-l2_74,-0.2641248863890586,0.019714743858082563,-13.397327821775066,6.282701894319057e-41,-0.30276508781290457,-0.22548468496521265
emb_w-l2_75,-0.23472160686839957,0.014752907354611062,-15.910193240319963,5.409851877131247e-57,-0.26363678405117597,-0.20580642968562318
emb_w-l2_76,-0.09152427817788024,0.017542893851813866,-5.217171063736271,1.8168687619808477e-07,-0.1259077303226734,-0.057140826033087073
emb_w-l2_77,-0.15708771171175223,0.018795311403861384,-8.357813730049692,6.391435730975275e-17,-0.19392585800962392,-0.12024956541388054
emb_w-l2_78,-0.04073921602931231,0.02022478590847869,-2.014321249859733,0.04397589346928326,-0.08037908185173265,-0.0010993502068919817
emb_w-l2_79,-0.175145265137032,0.021590889289704936,-8.111998666981519,4.980987634620447e-16,-0.21746264532110798,-0.132827884952956
emb_w-l2_80,-0.08454025264677778,0.01690700420586416,-5.000309434917818,5.724116213853216e-07,-0.11767738355200985,-0.0514031217415457
emb_w-l2_81,-0.15745887132133274,0.018658612561641075,-8.438937825690283,3.203548412544762e-17,-0.19402909271813434,-0.12088864992453115
emb_w-l2_82,-0.09217792095788355,0.01598053641989616,-5.7681368469658985,8.015949236155534e-09,-0.12349920773548159,-0.060856634180285495
emb_w-l2_83,-0.17125372260179653,0.022107456167419236,-7.746423709037177,9.454212784174367e-15,-0.21458355561546305,-0.12792388958813
emb_w-l2_84,-0.14737097788846046,0.015846924362249055,-9.29965806106397,1.4097588048478927e-20,-0.17843038975369327,-0.11631156602322765
emb_w-l2_85,-0.17069153454694447,0.019293599020856585,-8.847055148312407,8.989972962670983e-19,-0.20850630696921846,-0.13287676212467048
emb_w-l2_86,-0.24316595815705466,0.017779718990759436,-13.676591755102208,1.4046531969902358e-42,-0.27801357920695563,-0.2083183371071537
emb_w-l2_87,-0.16979103125336473,0.017645117260607194,-9.62255046229837,6.425932580774699e-22,-0.20437483766775633,-0.13520722483897313
emb_w-l2_88,-0.09786503118950275,0.015272043153527454,-6.408116465209072,1.4734714163857458e-10,-0.12779769619666367,-0.06793236618234183
emb_w-l2_89,-0.1494987901543176,0.01966347292990038,-7.602868053231276,2.897109959635614e-14,-0.18803850237037023,-0.11095907793826497
emb_w-l2_90,-0.11530350944589471,0.0179564580080944,-6.42128360692951,1.3514737496771174e-10,-0.15049753272543845,-0.08010948616635097
emb_w-l2_91,-0.11544320244034419,0.0197183316960525,-5.854613068683457,4.781647079112779e-09,-0.15409043589984997,-0.0767959689808384
emb_w-l2_92,-0.03350839773251828,0.01346840742795275,-2.487925756015809,0.0128491019925408,-0.05990600044147547,-0.007110795023561087
emb_w-l2_93,-0.049762837211942086,0.019747250904673913,-2.51998809617413,0.011735924870760637,-0.0884667512986066,-0.011058923125277571
emb_w-l2_94,-0.23760506085838073,0.023868501607591252,-9.954753958363758,2.4059065235296887e-23,-0.28438648071561123,-0.1908236410011502
emb_w-l2_95,-0.12200309916280197,0.021614588248425846,-5.644479448813338,1.6569465667896765e-08,-0.1643669284686674,-0.07963926985693653
emb_w-l2_96,-0.08761174843318129,0.018750642120894993,-4.672466567720907,2.9761512695054607e-06,-0.1243623445146411,-0.05086115235172148
emb_w-l2_97,-0.19498331344070804,0.02218935089907159,-8.787247284861596,1.5333680515610434e-18,-0.23847365723500544,-0.15149296964641065
emb_w-l2_98,-0.30178125846883225,0.016904260846656322,-17.852378238030138,2.7903577933924983e-71,-0.3349130124869421,-0.2686495044507224
emb_w-l2_99,-0.07565042786692053,0.016632554421188838,-4.548334907027065,5.407386569957298e-06,-0.10824964689072393,-0.043051208843117125
emb_w-l2_100,-0.20340391610797826,0.02033093280923967,-10.004652418876647,1.4550861397008378e-23,-0.24325182610563345,-0.16355600611032306
emb_w-l2_101,-0.0876077680120908,0.019494197983130436,-4.4940432064916624,6.988569634021144e-06,-0.1258157073130964,-0.04939982871108519
emb_w-l2_102,-0.21382747467150798,0.01509573996262686,-14.16475609681204,1.518363582267998e-45,-0.2434145916534394,-0.18424035768957656
emb_w-l2_103,-0.1543021074941895,0.021513206561161062,-7.172436477821921,7.368921496393998e-13,-0.19646723227491372,-0.11213698271346526
emb_w-l2_104,-0.24012611981317647,0.021332218839329644,-11.256499927258497,2.153877567169142e-29,-0.2819365150535551,-0.19831572457279784
emb_w-l2_105,-0.21208486665935067,0.021139231842263538,-10.032761277319958,1.0949476951709443e-23,-0.2535170142038679,-0.17065271911483343
emb_w-l2_106,-0.22801584047303877,0.015746754114512155,-14.480180411460172,1.6219079040352697e-47,-0.25887892219180386,-0.19715275875427365
emb_w-l2_107,-0.1430707964770053,0.018064543549736908,-7.919978497275066,2.376212391156615e-15,-0.1784766635994179,-0.10766492935459268
emb_w-l2_108,-0.2019465051119213,0.0179959472139558,-11.221776920712038,3.191702471886149e-29,-0.2372179258397675,-0.1666750843840751
emb_w-l2_109,-0.06565005632730944,0.012457607210171414,-5.269876888854494,1.3652342646934696e-07,-0.09006652632181214,-0.04123358633280674
emb_w-l2_110,-0.004464986490635496,0.022553586962506124,-0.1979723446234183,0.8430667128793249,-0.04866922010050709,0.0397392471192361
emb_w-l2_111,-0.17402482662898822,0.018272742382800904,-9.523738855574734,1.6715931514925959e-21,-0.20983875610837152,-0.1382108971496049
emb_w-l2_112,-0.06786426680007746,0.019382262377376676,-3.501359411958526,0.00046289694248657253,-0.10585281626858203,-0.029875717331572876
emb_w-l2_113,-0.16812920490078892,0.017959224604365536,-9.361718481983905,7.84946558907633e-21,-0.20332865061127797,-0.13292975919029987
emb_w-l2_114,-0.08051510402043227,0.018594518695628292,-4.330045070720866,1.4908300341301592e-05,-0.11695970370433742,-0.04407050433652712
emb_w-l2_115,-0.05529775041880024,0.014229827707967768,-3.8860449721283086,0.00010189253270411952,-0.08318770997498673,-0.02740779086261374
emb_w-l2_116,-0.22913695337287432,0.021937812926014207,-10.444840337805966,1.548508442969113e-25,-0.2721342916270212,-0.18613961511872745
emb_w-l2_117,-0.1549217145506237,0.020455356275196027,-7.573650268730852,3.6296964966546206e-14,-0.1950134901455707,-0.1148299389556767
emb_w-l2_118,-0.12091570430190453,0.021683761698107373,-5.576325085349856,2.456709004306036e-08,-0.1634151111251913,-0.07841629747861775
emb_w-l2_119,-0.03663333506518395,0.016523274803486417,-2.2170747325133333,0.026618049772466533,-0.06901836989922872,-0.004248300231139181
emb_w-l2_120,-0.14685582699047514,0.017560459860815007,-8.362869090813168,6.123334168076843e-17,-0.1812737078922891,-0.11243794608866117
emb_w-l2_121,-0.2028544485574688,0.021780130335564047,-9.31373896446499,1.2347830773978318e-20,-0.24554273450538802,-0.1601661626095496
emb_w-l2_122,-0.044158723118013485,0.014180567490592424,-3.1140307429381062,0.0018455176273879544,-0.071952134388548,-0.016365311847478962
emb_w-l2_123,-0.1659356941605424,0.018805586772257618,-8.823744569636833,1.1074421855977146e-18,-0.20279397981743358,-0.12907740850365124
emb_w-l2_124,-0.19236549804947722,0.01930010108935386,-9.967072045834415,2.1255232997681906e-23,-0.23019301429628247,-0.15453798180267198
emb_w-l2_125,-0.1929809997164454,0.01961529395756223,-9.838292514706156,7.705977987288357e-23,-0.23142628284891767,-0.1545357165839731
emb_w-l2_126,-0.18828723085414367,0.019579657446015773,-9.616472166240982,6.81706704581294e-22,-0.22666266768305196,-0.14991179402523538
emb_w-l2_127,-0.20590391611413222,0.01664413590749403,-12.37095859217443,3.7595830273196956e-35,-0.23852583444191044,-0.173281997786354
log_dist_median,-0.10360016306151719,0.004283172494258617,-24.187716745096804,3.0712823495978716e-129,-0.11199502982228302,-0.09520529630075136
